Gene_symbol,Entry,ID
Q0045,P00401,0
Q0085,P00854,1
Q0140,P02381,2
Q0160,P03882,3
Q0250,P00410,4
R0020C,P03871,5
R0040C,P03872,6
YAL001C,P34111,7
YAL002W,P39702,8
YAL003W,P32471,9
YAL005C,P10591,10
YAL007C,P39704,11
YAL010C,P18409,12
YAL011W,P31376,13
YAL012W,P31373,14
YAL013W,P31385,15
YAL016W,P31383,16
YAL017W,P31374,17
YAL019W,P31380,18
YAL020C,P31386,19
YAL021C,P31384,20
YAL023C,P31382,21
YAL024C,P07866,22
YAL025C,P10962,23
YAL026C,P39524,24
YAL027W,P39735,25
YAL029C,P32492,26
YAL030W,P31109,27
YAL031C,P39732,28
YAL032C,P28004,29
YAL033W,P28005,30
YAL034C,P28003,31
YAL034W-A,P39731,32
YAL035W,P39730,33
YAL036C,P39729,34
YAL038W,P00549,35
YAL039C,P06182,36
YAL041W,P11433,37
YAL042W,P39727,38
YAL043C,Q01329,39
YAL044C,P39726,40
YAL044W-A,Q3E793,41
YAL046C,P39724,42
YAL047C,P39723,43
YAL048C,P39722,44
YAL049C,P39721,45
YAL053W,P39719,46
YAL054C,Q01574,47
YAL056W,P39717,48
YAL059W,P39715,49
YAL060W,P39714,50
YAL061W,P39713,51
YAL062W,P39708,52
YAR002C-A,Q05359,53
YAR002W,P39705,54
YAR003W,P39706,55
YAR007C,P22336,56
YAR008W,P39707,57
YAR009C,O13527,58
YAR014C,P27637,59
YAR019C,P27636,60
YAR028W,P39548,61
YAR035W,P80235,62
YAR042W,P35845,63
YBL002W,P02294,64
YBL003C,P04912,65
YBL004W,P35194,66
YBL005W-B,Q12490,67
YBL006C,P38210,68
YBL007C,P32790,69
YBL008W,P32479,70
YBL010C,P32788,71
YBL011W,P32784,72
YBL013W,P32785,73
YBL014C,P32786,74
YBL015W,P32316,75
YBL016W,P16892,76
YBL017C,P32319,77
YBL018C,P38208,78
YBL022C,P36775,79
YBL023C,P29469,80
YBL024W,P38205,81
YBL025W,P38204,82
YBL026W,P38203,83
YBL027W,P0CX83,84
YBL028C,P38202,85
YBL030C,P18239,86
YBL031W,P38200,87
YBL032W,P38199,88
YBL033C,P38066,89
YBL035C,P38121,90
YBL036C,P38197,91
YBL037W,P38065,92
YBL038W,P38064,93
YBL039C,P28274,94
YBL040C,P18414,95
YBL041W,P23724,96
YBL045C,P07256,97
YBL046W,P38193,98
YBL047C,P34216,99
YBL050W,P32602,100
YBL051C,P34217,101
YBL052C,P34218,102
YBL054W,P34219,103
YBL055C,P34220,104
YBL056W,P34221,105
YBL057C,P34222,106
YBL058W,P34223,107
YBL059C-A,Q3E7A4,108
YBL060W,P34225,109
YBL063W,P28742,110
YBL064C,P34227,111
YBL066C,P34228,112
YBL067C,P38187,113
YBL068W,P38063,114
YBL071W-A,Q3E840,115
YBL072C,P0CX39,116
YBL074C,P32357,117
YBL075C,P09435,118
YBL076C,P09436,119
YBL078C,P38182,120
YBL079W,P38181,121
YBL080C,P33893,122
YBL081W,P38180,123
YBL082C,P38179,124
YBL084C,P38042,125
YBL085W,P38041,126
YBL086C,P38177,127
YBL087C,P0CX41,128
YBL090W,P38175,129
YBL091C,P38174,130
YBL092W,P38061,131
YBL093C,P25046,132
YBL097W,P38170,133
YBL098W,P38169,134
YBL099W,P07251,135
YBL100W-A,Q12260,136
YBL101C,P38167,137
YBL102W,P38166,138
YBL103C,P38165,139
YBL104C,P38164,140
YBL105C,P24583,141
YBR001C,P35172,142
YBR002C,P35196,143
YBR006W,P38067,144
YBR007C,P38213,145
YBR009C,P02309,146
YBR010W,P61830,147
YBR011C,P00817,148
YBR014C,P38068,149
YBR017C,P38217,150
YBR022W,P38218,151
YBR023C,P29465,152
YBR025C,P38219,153
YBR026C,P38071,154
YBR028C,P38070,155
YBR029C,P38221,156
YBR030W,P38222,157
YBR031W,P10664,158
YBR035C,P38075,159
YBR036C,P35206,160
YBR038W,P14180,161
YBR039W,P38077,162
YBR042C,P38226,163
YBR043C,P38227,164
YBR044C,P38228,165
YBR046C,P38230,166
YBR048W,P0CX48,167
YBR049C,P21538,168
YBR052C,P38234,169
YBR055C,P19735,170
YBR056W,P38081,171
YBR057C,P38236,172
YBR058C-A,Q3E790,173
YBR059C,P38080,174
YBR060C,P32833,175
YBR061C,P38238,176
YBR065C,P38241,177
YBR066C,P38082,178
YBR067C,P27654,179
YBR069C,P38085,180
YBR070C,P38242,181
YBR071W,P38243,182
YBR072W,P15992,183
YBR073W,P38086,184
YBR074W,P38244,185
YBR077C,P38247,186
YBR078W,P38248,187
YBR079C,P38249,188
YBR080C,P18759,189
YBR081C,P35177,190
YBR082C,P15731,191
YBR083W,P18412,192
YBR084C-A,P0CX82,193
YBR084W,P09440,194
YBR085C-A,O43137,195
YBR086C,P38250,196
YBR087W,P38251,197
YBR088C,P15873,198
YBR090C,P38253,199
YBR092C,P24031,200
YBR093C,P00635,201
YBR094W,P38254,202
YBR095C,P38255,203
YBR096W,P38256,204
YBR097W,P22219,205
YBR101C,P38260,206
YBR102C,P38261,207
YBR103W,P38262,208
YBR105C,P38263,209
YBR106W,P38264,210
YBR107C,P38265,211
YBR108W,P38266,212
YBR109C,P06787,213
YBR110W,P16661,214
YBR111C,Q01976,215
YBR111W-A,Q6WNK7,216
YBR112C,P14922,217
YBR114W,P31244,218
YBR117C,P33315,219
YBR118W,P02994,220
YBR119W,P32605,221
YBR120C,P07253,222
YBR121C,P38088,223
YBR122C,P36531,224
YBR123C,P32367,225
YBR125C,P38089,226
YBR126C,Q00764,227
YBR126W-A,Q8TGU7,228
YBR127C,P16140,229
YBR130C,P38272,230
YBR131W,P38273,231
YBR133C,P38274,232
YBR135W,P20486,233
YBR136W,P38111,234
YBR137W,P38276,235
YBR138C,P38277,236
YBR140C,P18963,237
YBR141C,P38278,238
YBR142W,P38112,239
YBR143C,P12385,240
YBR145W,P38113,241
YBR146W,P38120,242
YBR149W,P38115,243
YBR150C,P38114,244
YBR151W,P38281,245
YBR152W,P38282,246
YBR154C,P20434,247
YBR155W,P33313,248
YBR156C,P38283,249
YBR157C,P38284,250
YBR159W,P38286,251
YBR160W,P00546,252
YBR162C,P38288,253
YBR163W,P38289,254
YBR164C,P38116,255
YBR167C,P38291,256
YBR168W,P38292,257
YBR169C,P32590,258
YBR170C,P33755,259
YBR171W,P33754,260
YBR172C,P32909,261
YBR173C,P38293,262
YBR175W,P38123,263
YBR176W,P38122,264
YBR177C,P38295,265
YBR179C,P38297,266
YBR181C,P0CX38,267
YBR187W,P38301,268
YBR188C,P38302,269
YBR189W,P05755,270
YBR191W,Q02753,271
YBR193C,P38304,272
YBR194W,P38305,273
YBR195C,P13712,274
YBR196C,P12709,275
YBR197C,P38306,276
YBR198C,P38129,277
YBR200W,P29366,278
YBR202W,P38132,279
YBR205W,P38130,280
YBR207W,P38310,281
YBR208C,P32528,282
YBR211C,P38313,283
YBR214W,P38314,284
YBR215W,Q01448,285
YBR218C,P32327,286
YBR220C,P38318,287
YBR221C,P32473,288
YBR222C,P38137,289
YBR223C,P38319,290
YBR225W,P38321,291
YBR229C,P38138,292
YBR230C,P38325,293
YBR231C,P38326,294
YBR233W-A,P69850,295
YBR234C,P38328,296
YBR235W,P38329,297
YBR236C,P32783,298
YBR238C,P38330,299
YBR239C,P38140,300
YBR245C,P38144,301
YBR247C,P38333,302
YBR248C,P33734,303
YBR249C,P32449,304
YBR251W,P33759,305
YBR253W,P32570,306
YBR254C,P38334,307
YBR255W,P38335,308
YBR257W,P38336,309
YBR258C,P38337,310
YBR259W,P38338,311
YBR260C,P38339,312
YBR261C,P38340,313
YBR263W,P37292,314
YBR264C,P38146,315
YBR267W,P38344,316
YBR268W,P36532,317
YBR269C,P38345,318
YBR272C,P38348,319
YBR273C,P38349,320
YBR275C,P29539,321
YBR276C,P38148,322
YBR278W,P27344,323
YBR279W,P38351,324
YBR280C,P38352,325
YBR281C,P38149,326
YBR282W,P36526,327
YBR283C,P38353,328
YBR286W,P37302,329
YBR288C,P38153,330
YBR289W,P18480,331
YBR291C,P38152,332
YBR296C,P38361,333
YBR302C,P0CX12,334
YCL001W,P25560,335
YCL005W,Q3E7B6,336
YCL008C,P25604,337
YCL009C,P25605,338
YCL010C,P25554,339
YCL011C,P25555,340
YCL014W,P25558,341
YCL016C,P25559,342
YCL017C,P25374,343
YCL019W,P25384,344
YCL020W,P25383,345
YCL024W,P25389,346
YCL025C,P25376,347
YCL026C-A,P37261,348
YCL026C-B,Q96VH4,349
YCL028W,P25367,350
YCL030C,P00815,351
YCL031C,P25368,352
YCL032W,P25344,353
YCL033C,P25566,354
YCL035C,P25373,355
YCL037C,P25567,356
YCL039W,P25569,357
YCL040W,P17709,358
YCL043C,P17967,359
YCL044C,P25573,360
YCL045C,P25574,361
YCL050C,P16550,362
YCL051W,P25579,363
YCL052C,P25580,364
YCL054W,P25582,365
YCL055W,P25583,366
YCL057C-A,Q96VH5,367
YCL057W,P25375,368
YCL059C,P25586,369
YCL061C,P25588,370
YCL063W,P25591,371
YCL064C,P25379,372
YCR002C,P25342,373
YCR003W,P25348,374
YCR004C,P25349,375
YCR005C,P08679,376
YCR008W,P25333,377
YCR009C,P25343,378
YCR010C,P25613,379
YCR011C,P25371,380
YCR012W,P00560,381
YCR016W,P25617,382
YCR017C,P25618,383
YCR020C-A,P23059,384
YCR020W-B,Q9URQ5,385
YCR021C,P25619,386
YCR024C,P25345,387
YCR024C-A,P32903,388
YCR027C,P25378,389
YCR028C,P25621,390
YCR028C-A,P32445,391
YCR030C,P25623,392
YCR031C,P06367,393
YCR033W,P25357,394
YCR034W,P25358,395
YCR035C,P25359,396
YCR036W,P25332,397
YCR037C,P25360,398
YCR042C,P23255,399
YCR043C,P25361,400
YCR046C,P25626,401
YCR047C,P25627,402
YCR052W,P25632,403
YCR053W,P16120,404
YCR054C,P25355,405
YCR057C,P25635,406
YCR059C,P25637,407
YCR060W,P25638,408
YCR061W,P25639,409
YCR063W,P25337,410
YCR066W,P10862,411
YCR067C,P25365,412
YCR068W,P25641,413
YCR071C,P25642,414
YCR072C,P25382,415
YCR073W-A,P37262,416
YCR075W-A,Q3E830,417
YCR076C,P25659,418
YCR077C,P25644,419
YCR081W,P25648,420
YCR082W,P25649,421
YCR083W,P25372,422
YCR084C,P16649,423
YCR087C-A,P37263,424
YCR088W,P15891,425
YCR091W,P25341,426
YCR092C,P25336,427
YCR093W,P25655,428
YCR094W,P25656,429
YCR095C,P25366,430
YDL001W,Q03441,431
YDL002C,Q03435,432
YDL003W,Q12158,433
YDL004W,Q12165,434
YDL005C,Q12124,435
YDL007W,P40327,436
YDL008W,Q12157,437
YDL010W,Q12438,438
YDL013W,P32828,439
YDL014W,P15646,440
YDL015C,Q99190,441
YDL017W,P06243,442
YDL018C,Q12403,443
YDL019C,Q12451,444
YDL021W,Q12008,445
YDL022W,Q00055,446
YDL025C,Q12100,447
YDL027C,Q07349,448
YDL028C,P54199,449
YDL029W,P32381,450
YDL030W,P19736,451
YDL031W,Q12389,452
YDL033C,Q12093,453
YDL040C,P12945,454
YDL042C,P06700,455
YDL043C,Q07350,456
YDL044C,P10849,457
YDL045C,P38913,458
YDL045W-A,O75012,459
YDL046W,Q12408,460
YDL047W,P20604,461
YDL048C,Q07351,462
YDL051W,P33399,463
YDL052C,P33333,464
YDL053C,Q07362,465
YDL055C,P41940,466
YDL056W,P39678,467
YDL058W,P25386,468
YDL059C,Q12223,469
YDL060W,Q07381,470
YDL061C,P41058,471
YDL063C,Q07395,472
YDL064W,P50623,473
YDL065C,Q07418,474
YDL066W,P21954,475
YDL067C,P07255,476
YDL070W,Q07442,477
YDL072C,Q07451,478
YDL073W,Q07454,479
YDL074C,Q07457,480
YDL075W,P0C2H8,481
YDL076C,Q07458,482
YDL077C,Q07468,483
YDL078C,P32419,484
YDL081C,P05318,485
YDL082W,Q12690,486
YDL083C,P0CX52,487
YDL084W,Q07478,488
YDL085C-A,Q3E7B7,489
YDL087C,Q07508,490
YDL089W,Q12066,491
YDL090C,P22007,492
YDL091C,Q12229,493
YDL092W,P38985,494
YDL095W,P33775,495
YDL097C,Q12377,496
YDL098C,Q12368,497
YDL099W,Q12191,498
YDL100C,Q12154,499
YDL102W,P15436,500
YDL105W,P43124,501
YDL106C,P07269,502
YDL108W,P06242,503
YDL111C,Q12277,504
YDL112W,Q07527,505
YDL113C,Q07528,506
YDL115C,Q07532,507
YDL116W,P52891,508
YDL117W,Q07533,509
YDL119C,Q07534,510
YDL121C,Q07541,511
YDL122W,P25037,512
YDL123W,Q07549,513
YDL124W,Q07551,514
YDL126C,P25694,515
YDL128W,Q99385,516
YDL130W,P10622,517
YDL131W,Q12122,518
YDL132W,Q12018,519
YDL133C-A,P0CX87,520
YDL134C,P23594,521
YDL135C,Q12434,522
YDL136W,P0CX85,523
YDL137W,P19146,524
YDL139C,Q12334,525
YDL140C,P04050,526
YDL141W,P48445,527
YDL143W,P39078,528
YDL145C,P53622,529
YDL146W,Q12342,530
YDL147W,Q12250,531
YDL148C,Q99207,532
YDL149W,Q12142,533
YDL150W,P25441,534
YDL152W,Q12394,535
YDL153C,Q12136,536
YDL155W,P24870,537
YDL156W,Q12510,538
YDL160C,P39517,539
YDL160C-A,Q3E829,540
YDL161W,Q12518,541
YDL164C,P04819,542
YDL165W,P06100,543
YDL167C,P32770,544
YDL168W,P32771,545
YDL171C,Q12680,546
YDL173W,Q12515,547
YDL174C,P32891,548
YDL175C,Q12476,549
YDL176W,Q12027,550
YDL178W,P46681,551
YDL181W,P01097,552
YDL182W,P48570,553
YDL184C,P0CX86,554
YDL185W,P17255,555
YDL188C,P23595,556
YDL189W,Q05672,557
YDL190C,P54860,558
YDL191W,P0CX84,559
YDL192W,P11076,560
YDL193W,Q12063,561
YDL195W,P38968,562
YDL197C,P32448,563
YDL198C,P38988,564
YDL200C,P26188,565
YDL201W,Q12009,566
YDL202W,P36521,567
YDL203C,Q07622,568
YDL204W,Q12443,569
YDL205C,P28789,570
YDL208W,P32495,571
YDL209C,Q12046,572
YDL211C,Q12121,573
YDL212W,Q02774,574
YDL213C,Q07623,575
YDL215C,P33327,576
YDL216C,Q12468,577
YDL222C,Q07651,578
YDL223C,Q07653,579
YDL224C,Q07655,580
YDL225W,Q07657,581
YDL226C,P35197,582
YDL229W,P11484,583
YDL232W,Q99380,584
YDL233W,Q07684,585
YDL234C,P48365,586
YDL236W,P19881,587
YDL237W,Q07716,588
YDL238C,Q07729,589
YDL240W,P35688,590
YDR001C,P32356,591
YDR002W,P41920,592
YDR004W,P25301,593
YDR005C,P41910,594
YDR006C,P40317,595
YDR007W,P00912,596
YDR011W,P32568,597
YDR012W,P49626,598
YDR013W,Q12488,599
YDR014W,Q03937,600
YDR016C,Q12248,601
YDR017C,Q12494,602
YDR019C,P48015,603
YDR020C,Q12084,604
YDR023W,P07284,605
YDR025W,P0CX47,606
YDR026C,Q12457,607
YDR027C,Q12071,608
YDR028C,Q00816,609
YDR032C,Q12335,610
YDR033W,Q12117,611
YDR034C,Q12472,612
YDR034C-C,Q12392,613
YDR034C-D,Q12472,614
YDR035W,P14843,615
YDR036C,P28817,616
YDR037W,P15180,617
YDR038C,Q12691,618
YDR039C,Q01896,619
YDR040C,P13587,620
YDR041W,Q03201,621
YDR044W,P11353,622
YDR045C,Q04307,623
YDR046C,P41815,624
YDR049W,Q04311,625
YDR050C,P00942,626
YDR051C,Q99288,627
YDR052C,P32325,628
YDR054C,P14682,629
YDR055W,Q12355,630
YDR056C,Q12025,631
YDR057W,Q99220,632
YDR059C,P15732,633
YDR060W,Q12176,634
YDR061W,Q12298,635
YDR062W,P40970,636
YDR064W,P05756,637
YDR065W,Q12167,638
YDR067C,Q12454,639
YDR068W,P54858,640
YDR069C,P32571,641
YDR070C,Q12497,642
YDR071C,Q12447,643
YDR074W,P31688,644
YDR075W,P32345,645
YDR076W,P38953,646
YDR077W,Q01589,647
YDR079C-A,Q3E7C1,648
YDR080W,P38959,649
YDR081C,P32896,650
YDR083W,P38961,651
YDR087C,P35178,652
YDR088C,Q02775,653
YDR089W,P38966,654
YDR090C,Q03193,655
YDR091C,Q03195,656
YDR093W,Q12675,657
YDR096W,Q03833,658
YDR097C,Q03834,659
YDR098C,Q03835,660
YDR099W,P34730,661
YDR101C,Q03862,662
YDR103W,P32917,663
YDR104C,Q03868,664
YDR105C,Q12116,665
YDR107C,Q04562,666
YDR108W,P46944,667
YDR110W,O13329,668
YDR111C,P52892,669
YDR115W,Q04598,670
YDR116C,Q04599,671
YDR117C,Q04600,672
YDR118W,Q04601,673
YDR119W,Q2V2P9,674
YDR120C,P15565,675
YDR121W,Q04603,676
YDR122W,P13185,677
YDR127W,P08566,678
YDR128W,Q03897,679
YDR129C,P32599,680
YDR130C,Q03898,681
YDR132C,Q03900,682
YDR135C,P39109,683
YDR137W,P16664,684
YDR138W,P17629,685
YDR140W,Q03920,686
YDR141C,Q03921,687
YDR143C,P22470,688
YDR144C,P53379,689
YDR145W,Q03761,690
YDR147W,Q03764,691
YDR148C,P19262,692
YDR150W,Q00402,693
YDR152W,Q03768,694
YDR153C,Q03769,695
YDR155C,P14832,696
YDR156W,P50106,697
YDR158W,P13663,698
YDR159W,P46674,699
YDR163W,Q03772,700
YDR164C,P30619,701
YDR165W,Q03774,702
YDR166C,P89102,703
YDR167W,Q12030,704
YDR168W,P06101,705
YDR169C,Q12427,706
YDR170C,P11075,707
YDR170W-A,Q03964,708
YDR171W,Q12329,709
YDR172W,P05453,710
YDR173C,P07250,711
YDR174W,Q03973,712
YDR175C,Q03976,713
YDR176W,P32494,714
YDR177W,P21734,715
YDR178W,P37298,716
YDR179C,Q03981,717
YDR180W,Q04002,718
YDR181C,Q04003,719
YDR182W,P40986,720
YDR183W,Q04004,721
YDR186C,Q04007,722
YDR188W,P39079,723
YDR189W,P22213,724
YDR190C,Q03940,725
YDR194C,P15424,726
YDR195W,P42073,727
YDR196C,Q03941,728
YDR197W,P14905,729
YDR200C,Q03944,730
YDR201W,Q03954,731
YDR202C,Q03956,732
YDR204W,O13525,733
YDR205W,Q03455,734
YDR207C,P39001,735
YDR208W,P38994,736
YDR210W,Q03494,737
YDR211W,P32501,738
YDR212W,P12612,739
YDR213W,Q12151,740
YDR214W,Q12449,741
YDR216W,P07248,742
YDR217C,P14737,743
YDR221W,Q04924,744
YDR222W,Q04925,745
YDR224C,P02293,746
YDR225W,P04911,747
YDR226W,P07170,748
YDR227W,P11978,749
YDR228C,P39081,750
YDR232W,P09950,751
YDR233C,Q04947,752
YDR234W,P49367,753
YDR235W,Q03776,754
YDR236C,Q03778,755
YDR237W,P36519,756
YDR238C,P41810,757
YDR239C,Q03780,758
YDR240C,Q03782,759
YDR243C,P23394,760
YDR244W,P35056,761
YDR245W,P50108,762
YDR246W,Q03784,763
YDR247W,Q03785,764
YDR251W,P37304,765
YDR252W,P40314,766
YDR254W,P38907,767
YDR255C,Q12508,768
YDR257C,Q12504,769
YDR258C,P33416,770
YDR260C,Q12379,771
YDR261C,Q07793,772
YDR264C,P39010,773
YDR265W,Q05568,774
YDR266C,Q05580,775
YDR267C,Q05583,776
YDR270W,P38995,777
YDR275W,Q05611,778
YDR279W,Q05635,779
YDR280W,Q05636,780
YDR283C,P15442,781
YDR288W,Q05541,782
YDR289C,Q05543,783
YDR291W,Q05549,784
YDR292C,P32916,785
YDR293C,P24276,786
YDR294C,Q05567,787
YDR295C,Q06629,788
YDR296W,Q06630,789
YDR297W,P38992,790
YDR298C,P09457,791
YDR299W,Q06631,792
YDR300C,P32264,793
YDR301W,Q06632,794
YDR302W,Q06636,795
YDR303C,Q06639,796
YDR304C,P35176,797
YDR306C,Q06640,798
YDR307W,Q06644,799
YDR308C,P47822,800
YDR309C,Q06648,801
YDR310C,P46676,802
YDR311W,P32776,803
YDR312W,Q12153,804
YDR316W,P0C2I2,805
YDR316W-B,P0C2I2,806
YDR318W,Q06675,807
YDR320C,P69851,808
YDR320C-A,P69851,809
YDR321W,P38986,810
YDR322C-A,P81449,811
YDR322W,Q06678,812
YDR323C,P32609,813
YDR324C,Q06679,814
YDR325W,Q06680,815
YDR326C,Q06681,816
YDR328C,P52286,817
YDR330W,Q06682,818
YDR331W,P49018,819
YDR332W,Q06683,820
YDR333C,Q05468,821
YDR334W,Q05471,822
YDR335W,P52918,823
YDR337W,P21771,824
YDR339C,Q05498,825
YDR341C,Q05506,826
YDR343C,P39003,827
YDR345C,P32466,828
YDR346C,Q05515,829
YDR347W,P10662,830
YDR348C,Q05518,831
YDR349C,Q06325,832
YDR350C,P50273,833
YDR351W,P42223,834
YDR352W,Q06328,835
YDR353W,P29509,836
YDR354W,P07285,837
YDR356W,P32380,838
YDR357C,Q06333,839
YDR359C,Q06337,840
YDR361C,Q06338,841
YDR362C,Q06339,842
YDR363W-A,O94742,843
YDR364C,P40968,844
YDR365C,Q06344,845
YDR367W,Q06346,846
YDR368W,Q12458,847
YDR369C,P33301,848
YDR370C,Q06349,849
YDR372C,Q06385,850
YDR373W,Q06389,851
YDR377W,Q06405,852
YDR378C,Q06406,853
YDR379C-A,Q3E785,854
YDR379W,Q06407,855
YDR380W,Q06408,856
YDR381C-A,Q3E6R5,857
YDR381W,Q12159,858
YDR382W,P02400,859
YDR383C,Q12493,860
YDR385W,P32324,861
YDR388W,P39743,862
YDR389W,P17121,863
YDR390C,P52488,864
YDR391C,Q04170,865
YDR392W,P06844,866
YDR394W,P33298,867
YDR395W,Q04175,868
YDR397C,Q92317,869
YDR398W,Q04177,870
YDR399W,Q04178,871
YDR400W,Q04179,872
YDR404C,P34087,873
YDR405W,P32387,874
YDR406W,Q04182,875
YDR407C,Q04183,876
YDR408C,P04161,877
YDR411C,Q12743,878
YDR412W,Q04031,879
YDR416W,Q04048,880
YDR418W,P0CX54,881
YDR419W,Q04049,882
YDR421W,Q04052,883
YDR422C,P32578,884
YDR423C,P24813,885
YDR424C,Q02647,886
YDR425W,Q04053,887
YDR427W,Q04062,888
YDR429C,Q04067,889
YDR430C,P32898,890
YDR432W,Q01560,891
YDR434W,Q04080,892
YDR436W,P33329,893
YDR437W,Q04082,894
YDR439W,Q04087,895
YDR441C,P36973,896
YDR443C,P38931,897
YDR447C,P14127,898
YDR448W,Q02336,899
YDR449C,Q02354,900
YDR450W,P0CX55,901
YDR452W,Q04119,902
YDR453C,Q04120,903
YDR456W,Q04121,904
YDR457W,Q03280,905
YDR458C,Q03281,906
YDR460W,Q03290,907
YDR462W,P36527,908
YDR463W,Q00947,909
YDR464W,P38904,910
YDR465C,Q03305,911
YDR468C,Q03322,912
YDR469W,Q03323,913
YDR471W,P0C2H7,914
YDR472W,Q03337,915
YDR473C,Q03338,916
YDR475C,Q03361,917
YDR477W,P06782,918
YDR478W,P40993,919
YDR479C,Q03370,920
YDR480W,Q03373,921
YDR481C,P11491,922
YDR482C,Q03375,923
YDR483W,P27809,924
YDR484W,P39904,925
YDR485C,Q03388,926
YDR486C,Q03390,927
YDR489W,Q03406,928
YDR490C,Q03407,929
YDR493W,Q03429,930
YDR494W,Q03430,931
YDR495C,P23643,932
YDR496C,Q04373,933
YDR497C,P30605,934
YDR498C,P28791,935
YDR499W,Q04377,936
YDR500C,P51402,937
YDR502C,P19358,938
YDR503C,Q04396,939
YDR505C,P50896,940
YDR507C,Q12263,941
YDR508C,P48813,942
YDR510W,Q12306,943
YDR511W,Q04401,944
YDR513W,P17695,945
YDR516C,Q04409,946
YDR517W,Q04410,947
YDR520C,Q04411,948
YDR524C,Q04412,949
YDR527W,Q04418,950
YDR528W,Q04429,951
YDR529C,P00128,952
YDR530C,P22108,953
YDR532C,Q04431,954
YDR539W,Q03034,955
YDR545W,P0CX20,956
YEL002C,P33767,957
YEL003W,P40005,958
YEL005C,P40003,959
YEL007W,P40002,960
YEL009C,P03069,961
YEL011W,P32775,962
YEL012W,P28263,963
YEL013W,P39968,964
YEL014C,P39999,965
YEL015W,P39998,966
YEL017C-A,P40975,967
YEL017W,P39996,968
YEL018W,P39995,969
YEL019C,P38632,970
YEL020C,P39994,971
YEL022W,P39993,972
YEL024W,P08067,973
YEL025C,P39991,974
YEL026W,P39990,975
YEL027W,P25515,976
YEL029C,P39988,977
YEL031W,P39986,978
YEL032W,P24279,979
YEL034W,P23301,980
YEL036C,P32629,981
YEL037C,P32628,982
YEL040W,P32623,983
YEL041W,P32622,984
YEL042W,P32621,985
YEL043W,P32618,986
YEL044W,P32617,987
YEL046C,P37303,988
YEL047C,P32614,989
YEL048C,P32613,990
YEL050C,P32611,991
YEL051W,P32610,992
YEL052W,P32317,993
YEL053C,Q02197,994
YEL054C,P0CX53,995
YEL055C,P39985,996
YEL056W,P39984,997
YEL058W,P38628,998
YEL060C,P09232,999
YEL061C,P27895,1000
YEL062W,P39923,1001
YEL065W,P39980,1002
YEL071W,P39976,1003
YEL073C,P39974,1004
YEL077C,Q3E7X8,1005
YER001W,P39106,1006
YER002W,P40007,1007
YER003C,P29952,1008
YER006W,P40010,1009
YER007C-A,P89886,1010
YER007W,P39937,1011
YER008C,P33332,1012
YER011W,P10863,1013
YER012W,P22141,1014
YER013W,P24384,1015
YER014W,P40012,1016
YER015W,P39518,1017
YER016W,P40013,1018
YER017C,P39925,1019
YER018C,P40014,1020
YER019C-A,P52871,1021
YER019W,P40015,1022
YER021W,P40016,1023
YER022W,P32569,1024
YER023W,P32263,1025
YER024W,P40017,1026
YER025W,P32481,1027
YER027C,Q04739,1028
YER029C,P40018,1029
YER030W,P40019,1030
YER031C,P38555,1031
YER032W,P40020,1032
YER033C,P40021,1033
YER035W,P40023,1034
YER036C,P40024,1035
YER037W,P40025,1036
YER038C,P40026,1037
YER040W,P18494,1038
YER043C,P39954,1039
YER044C,P29467,1040
YER045C,P39970,1041
YER047C,P39955,1042
YER048C,P39101,1043
YER048W-A,Q6Q560,1044
YER049W,P40032,1045
YER050C,P40033,1046
YER052C,P10869,1047
YER053C,P40035,1048
YER054C,P40036,1049
YER055C,P00498,1050
YER056C-A,P87262,1051
YER057C,P40037,1052
YER059W,P40038,1053
YER061C,P39525,1054
YER062C,P40106,1055
YER063W,P40040,1056
YER065C,P28240,1057
YER067W,P40043,1058
YER068W,P34909,1059
YER069W,Q01217,1060
YER070W,P21524,1061
YER071C,P40045,1062
YER072W,P40046,1063
YER073W,P40047,1064
YER074W,P0CX31,1065
YER075C,P40048,1066
YER077C,P40050,1067
YER078C,P40051,1068
YER080W,P40053,1069
YER081W,P40054,1070
YER082C,P40055,1071
YER083C,P40056,1072
YER086W,P00927,1073
YER087W,P39965,1074
YER088C,P40059,1075
YER089C,P39966,1076
YER090W,P00899,1077
YER091C,P05694,1078
YER092W,P40060,1079
YER094C,P25451,1080
YER095W,P25454,1081
YER098W,P39967,1082
YER099C,P38620,1083
YER100W,P33296,1084
YER102W,P0CX40,1085
YER103W,P22202,1086
YER104W,P40063,1087
YER105C,P40064,1088
YER107C,P40066,1089
YER110C,P40069,1090
YER111C,P25302,1091
YER112W,P40070,1092
YER113C,P40071,1093
YER114C,P39969,1094
YER116C,P40072,1095
YER117W,P0CX42,1096
YER120W,P40075,1097
YER122C,P38682,1098
YER123W,P39962,1099
YER124C,P40077,1100
YER126C,P40078,1101
YER127W,P40079,1102
YER129W,P38990,1103
YER131W,P39939,1104
YER132C,P32634,1105
YER133W,P32598,1106
YER134C,P40081,1107
YER136W,P39958,1108
YER138C,Q03612,1109
YER139C,P40084,1110
YER140W,P40085,1111
YER141W,P40086,1112
YER143W,P40087,1113
YER146W,P40089,1114
YER147C,P40090,1115
YER148W,P13393,1116
YER149C,P40091,1117
YER150W,P40092,1118
YER151C,Q01477,1119
YER154W,P39952,1120
YER155C,P39960,1121
YER156C,P40093,1122
YER157W,P40094,1123
YER158C,P40095,1124
YER159C,P40096,1125
YER161C,P06843,1126
YER162C,P14736,1127
YER163C,P32656,1128
YER164W,P32657,1129
YER165W,P04147,1130
YER166W,P32660,1131
YER168C,P21269,1132
YER170W,P26364,1133
YER171W,P06839,1134
YER172C,P32639,1135
YER173W,P32641,1136
YER174C,P32642,1137
YER175C,P32643,1138
YER176W,P32644,1139
YER177W,P29311,1140
YER178W,P16387,1141
YER180C-A,Q3E784,1142
YER182W,P40098,1143
YER183C,P40099,1144
YER190W,P40105,1145
YFL001W,P31115,1146
YFL002C,P25808,1147
YFL002W-A,P0CX63,1148
YFL002W-B,P0CX61,1149
YFL004W,P43585,1150
YFL005W,P07560,1151
YFL007W,P43583,1152
YFL008W,P32908,1153
YFL009W,P07834,1154
YFL013C,P43579,1155
YFL014W,P22943,1156
YFL016C,P35191,1157
YFL017C,P43577,1158
YFL017W-A,P40204,1159
YFL018C,P09624,1160
YFL021W,P43574,1161
YFL022C,P15625,1162
YFL023W,P43573,1163
YFL024C,P43572,1164
YFL026W,D6VTK4,1165
YFL028C,P43569,1166
YFL033C,P43565,1167
YFL034C-A,P56628,1168
YFL034C-B,P43563,1169
YFL034W,P43564,1170
YFL036W,P13433,1171
YFL037W,P02557,1172
YFL038C,P01123,1173
YFL039C,P60010,1174
YFL041W,P43561,1175
YFL042C,P43560,1176
YFL044C,P43558,1177
YFL045C,P07283,1178
YFL046W,P43557,1179
YFL048C,P43555,1180
YFL049W,P43554,1181
YFL062W,P43542,1182
YFR001W,P43586,1183
YFR002W,P34077,1184
YFR004W,P43588,1185
YFR005C,P43589,1186
YFR008W,P43592,1187
YFR009W,P43535,1188
YFR010W,P43593,1189
YFR011C,P43594,1190
YFR013W,P43596,1191
YFR014C,P27466,1192
YFR015C,P23337,1193
YFR016C,P43597,1194
YFR017C,P43598,1195
YFR019W,P34756,1196
YFR021W,P43601,1197
YFR022W,P43602,1198
YFR024C-A,P43603,1199
YFR028C,Q00684,1200
YFR029W,P43606,1201
YFR030W,P39692,1202
YFR031C,P0CX45,1203
YFR031C-A,P0CX45,1204
YFR032C-A,P05747,1205
YFR033C,P00127,1206
YFR034C,P07270,1207
YFR036W,P14724,1208
YFR037C,P43609,1209
YFR039C,P43611,1210
YFR040W,P43612,1211
YFR044C,P43616,1212
YFR046C,P43618,1213
YFR048W,P43620,1214
YFR049W,P19955,1215
YFR050C,P30657,1216
YFR051C,P43621,1217
YFR052W,P32496,1218
YFR053C,P04806,1219
YGL001C,P53199,1220
YGL002W,P53198,1221
YGL003C,P53197,1222
YGL004C,P53196,1223
YGL005C,P53195,1224
YGL006W,P38929,1225
YGL008C,P05030,1226
YGL009C,P07264,1227
YGL011C,P21243,1228
YGL012W,P25340,1229
YGL013C,P12383,1230
YGL014W,P25339,1231
YGL017W,P16639,1232
YGL019W,P43639,1233
YGL020C,P53192,1234
YGL021W,P43633,1235
YGL022W,P39007,1236
YGL025C,P40356,1237
YGL026C,P00931,1238
YGL028C,P53189,1239
YGL029W,P53188,1240
YGL030W,P14120,1241
YGL031C,P04449,1242
YGL035C,P27705,1243
YGL036W,P53185,1244
YGL037C,P53184,1245
YGL038C,P31755,1246
YGL039W,P53183,1247
YGL040C,P05373,1248
YGL043W,P07273,1249
YGL044C,P25299,1250
YGL048C,Q01939,1251
YGL049C,P39936,1252
YGL054C,P53173,1253
YGL055W,P21147,1254
YGL056C,P53172,1255
YGL057C,P53171,1256
YGL058W,P06104,1257
YGL059W,P53170,1258
YGL060W,P53169,1259
YGL061C,P53168,1260
YGL062W,P11154,1261
YGL064C,P53166,1262
YGL065C,P43636,1263
YGL066W,P53165,1264
YGL068W,P53163,1265
YGL070C,P27999,1266
YGL071W,P22149,1267
YGL073W,P10961,1268
YGL075C,P53159,1269
YGL076C,P05737,1270
YGL078C,P20447,1271
YGL079W,P53158,1272
YGL082W,P53155,1273
YGL086W,P40957,1274
YGL087C,P53152,1275
YGL090W,P53150,1276
YGL091C,P52920,1277
YGL092W,P49687,1278
YGL093W,P53148,1279
YGL094C,P53010,1280
YGL095C,P38932,1281
YGL097W,P21827,1282
YGL098W,P53146,1283
YGL099W,P53145,1284
YGL100W,P53011,1285
YGL103W,P02406,1286
YGL105W,P46672,1287
YGL106W,P53141,1288
YGL108C,P53139,1289
YGL110C,P53137,1290
YGL111W,P53136,1291
YGL112C,P53040,1292
YGL113W,P53135,1293
YGL115W,P12904,1294
YGL117W,P53133,1295
YGL120C,P53131,1296
YGL122C,P32505,1297
YGL123W,P25443,1298
YGL124C,P53129,1299
YGL125W,P53128,1300
YGL126W,P53012,1301
YGL127C,P38633,1302
YGL128C,P52868,1303
YGL129C,Q01163,1304
YGL130W,Q01159,1305
YGL131C,P53127,1306
YGL133W,P53125,1307
YGL134W,P53124,1308
YGL135W,P0CX44,1309
YGL137W,P41811,1310
YGL139W,P53121,1311
YGL140C,P53120,1312
YGL141W,P53119,1313
YGL143C,P30775,1314
YGL145W,P33891,1315
YGL147C,P05738,1316
YGL148W,P28777,1317
YGL150C,P53115,1318
YGL151W,P53114,1319
YGL153W,P53112,1320
YGL155W,P18898,1321
YGL156W,P22855,1322
YGL157W,P53111,1323
YGL160W,P53109,1324
YGL161C,P53108,1325
YGL166W,P15315,1326
YGL167C,P13586,1327
YGL169W,P32579,1328
YGL171W,P45818,1329
YGL172W,Q02199,1330
YGL173C,P22147,1331
YGL174W,P46947,1332
YGL175C,P46946,1333
YGL178W,P39016,1334
YGL179C,P43637,1335
YGL180W,P53104,1336
YGL181W,P40956,1337
YGL184C,P53101,1338
YGL185C,P53100,1339
YGL186C,P53099,1340
YGL187C,P04037,1341
YGL189C,P39938,1342
YGL190C,Q00362,1343
YGL191W,P32799,1344
YGL194C,P53096,1345
YGL195W,P33892,1346
YGL197W,P53094,1347
YGL200C,P32803,1348
YGL201C,P53091,1349
YGL202W,P53090,1350
YGL203C,P09620,1351
YGL205W,P13711,1352
YGL206C,P22137,1353
YGL207W,P32558,1354
YGL208W,P34164,1355
YGL210W,P51996,1356
YGL211W,P53088,1357
YGL212W,P32912,1358
YGL213C,Q02793,1359
YGL219C,P53083,1360
YGL220W,P53082,1361
YGL222C,P53080,1362
YGL223C,P53079,1363
YGL225W,P40107,1364
YGL226C-A,Q92316,1365
YGL226W,P53077,1366
YGL227W,P53076,1367
YGL228W,P53075,1368
YGL229C,P53036,1369
YGL231C,P53073,1370
YGL232W,P53072,1371
YGL233W,P22224,1372
YGL234W,P07244,1373
YGL240W,P53068,1374
YGL241W,P53067,1375
YGL244W,P53064,1376
YGL245W,P46655,1377
YGL246C,P53063,1378
YGL247W,P53062,1379
YGL249W,P53061,1380
YGL252C,P32608,1381
YGL253W,P04807,1382
YGL254W,P32805,1383
YGL256W,P10127,1384
YGR001C,P53200,1385
YGR002C,P53201,1386
YGR003W,P53202,1387
YGR004W,P53203,1388
YGR005C,P41896,1389
YGR006W,P33411,1390
YGR007W,P33412,1391
YGR008C,P16965,1392
YGR009C,P40357,1393
YGR010W,P53204,1394
YGR012W,P53206,1395
YGR013W,P53207,1396
YGR019W,P17649,1397
YGR020C,P39111,1398
YGR024C,P53215,1399
YGR026W,P53217,1400
YGR027C,Q3E792,1401
YGR027W-A,Q12085,1402
YGR030C,P53218,1403
YGR032W,P40989,1404
YGR034W,P53221,1405
YGR037C,P31787,1406
YGR038C-A,Q12485,1407
YGR040W,P14681,1408
YGR042W,P53227,1409
YGR043C,P53228,1410
YGR044C,P32338,1411
YGR046W,P53230,1412
YGR047C,P33339,1413
YGR048W,P53044,1414
YGR052W,P53233,1415
YGR054W,P53235,1416
YGR055W,P50276,1417
YGR056W,P53236,1418
YGR057C,P53237,1419
YGR060W,P53045,1420
YGR061C,P38972,1421
YGR063C,P32914,1422
YGR065C,P53241,1423
YGR068C,P53244,1424
YGR070W,P53046,1425
YGR071C,P53246,1426
YGR072W,P48412,1427
YGR074W,Q02260,1428
YGR075C,Q00723,1429
YGR076C,P23369,1430
YGR077C,P53248,1431
YGR078C,P48363,1432
YGR080W,P53250,1433
YGR081C,P53251,1434
YGR082W,P35180,1435
YGR083C,P12754,1436
YGR084C,P12686,1437
YGR085C,Q3E757,1438
YGR086C,P53252,1439
YGR087C,P26263,1440
YGR088W,P06115,1441
YGR089W,P53253,1442
YGR090W,P53254,1443
YGR091W,P49704,1444
YGR092W,P22204,1445
YGR093W,P53255,1446
YGR094W,P07806,1447
YGR095C,P53256,1448
YGR097W,P48361,1449
YGR099W,P53038,1450
YGR102C,P53260,1451
YGR103W,P53261,1452
YGR104C,P32585,1453
YGR105W,P41806,1454
YGR106C,P53262,1455
YGR108W,P24868,1456
YGR111W,P53265,1457
YGR113W,P53267,1458
YGR116W,P23615,1459
YGR117C,P53270,1460
YGR118W,P0CX29,1461
YGR119C,P48837,1462
YGR120C,P53271,1463
YGR121C,P40260,1464
YGR122W,P53272,1465
YGR123C,P53043,1466
YGR124W,P49090,1467
YGR125W,P53273,1468
YGR126W,P53274,1469
YGR127W,P53275,1470
YGR128C,P53276,1471
YGR129W,P53277,1472
YGR130C,P53278,1473
YGR132C,P40961,1474
YGR134W,P53280,1475
YGR135W,P23638,1476
YGR136W,P53281,1477
YGR138C,P53283,1478
YGR140W,P32504,1479
YGR143W,P33336,1480
YGR145W,P48234,1481
YGR148C,P24000,1482
YGR150C,P48237,1483
YGR151C,P53287,1484
YGR152C,P13856,1485
YGR155W,P32582,1486
YGR156W,P39927,1487
YGR157W,P05374,1488
YGR158C,P48240,1489
YGR159C,P27476,1490
YGR161C,Q12316,1491
YGR161W-A,P0CX62,1492
YGR161W-B,P0CX64,1493
YGR162W,P39935,1494
YGR163W,P53290,1495
YGR165W,P53292,1496
YGR166W,P32893,1497
YGR167W,P17891,1498
YGR170W,P53037,1499
YGR171C,P22438,1500
YGR172C,P53039,1501
YGR173W,P53295,1502
YGR175C,P32476,1503
YGR177C,P53296,1504
YGR178C,P53297,1505
YGR179C,P53298,1506
YGR180C,P49723,1507
YGR183C,P22289,1508
YGR184C,P19812,1509
YGR185C,P36421,1510
YGR186W,P41895,1511
YGR187C,P48362,1512
YGR188C,P41695,1513
YGR189C,P53301,1514
YGR191W,P06775,1515
YGR192C,P00359,1516
YGR193C,P16451,1517
YGR194C,P42826,1518
YGR195W,P46948,1519
YGR196C,P46949,1520
YGR197C,P46950,1521
YGR198W,P46951,1522
YGR199W,P42934,1523
YGR200C,P42935,1524
YGR204W,P07245,1525
YGR205W,P42938,1526
YGR206W,P42939,1527
YGR207C,P42940,1528
YGR208W,P42941,1529
YGR209C,P22803,1530
YGR210C,P42942,1531
YGR211W,P53303,1532
YGR214W,P32905,1533
YGR215W,P53305,1534
YGR216C,P53306,1535
YGR217W,P50077,1536
YGR218W,P30822,1537
YGR219W,P53307,1538
YGR220C,P31334,1539
YGR222W,P10834,1540
YGR224W,P50080,1541
YGR229C,P32566,1542
YGR231C,P50085,1543
YGR232W,P50086,1544
YGR233C,P17442,1545
YGR234W,P39676,1546
YGR235C,P50087,1547
YGR237C,P50089,1548
YGR238C,P50090,1549
YGR239C,P50091,1550
YGR240C,P16861,1551
YGR241C,P53309,1552
YGR244C,P53312,1553
YGR245C,P53313,1554
YGR246C,P29056,1555
YGR248W,P53315,1556
YGR250C,P53316,1557
YGR252W,Q03330,1558
YGR253C,P32379,1559
YGR254W,P00924,1560
YGR255C,P53318,1561
YGR256W,P53319,1562
YGR257C,P53320,1563
YGR260W,P53322,1564
YGR261C,P46682,1565
YGR262C,P53323,1566
YGR263C,P53324,1567
YGR264C,P00958,1568
YGR266W,P53326,1569
YGR267C,P51601,1570
YGR269W,P40326,1571
YGR270W,P40340,1572
YGR271C-A,Q3E705,1573
YGR271W,P53327,1574
YGR274C,P46677,1575
YGR275W,P53330,1576
YGR277C,P53332,1577
YGR278W,P53333,1578
YGR280C,P53335,1579
YGR281W,P53049,1580
YGR282C,P15703,1581
YGR283C,P53336,1582
YGR284C,P53337,1583
YGR285C,P32527,1584
YGR286C,P32451,1585
YGR295C,P53344,1586
YGR296W,P0CX14,1587
YHL001W,P38754,1588
YHL002W,P38753,1589
YHL003C,P38703,1590
YHL004W,P32902,1591
YHL011C,P38689,1592
YHL013C,P38747,1593
YHL014C,P38746,1594
YHL015W,P38701,1595
YHL017W,P38745,1596
YHL018W,P38744,1597
YHL019C,P38700,1598
YHL020C,P21957,1599
YHL021C,P23180,1600
YHL023C,P38742,1601
YHL025W,P18888,1602
YHL027W,P33400,1603
YHL029C,P38738,1604
YHL030W,P38737,1605
YHL031C,P38736,1606
YHL032C,P32190,1607
YHL033C,P17076,1608
YHL034C,P10080,1609
YHL036W,P38734,1610
YHL038C,P03874,1611
YHL047C,P38724,1612
YHR001W,P37299,1613
YHR001W-A,P37299,1614
YHR003C,P38756,1615
YHR005C,P08539,1616
YHR006W,P38704,1617
YHR007C,P10614,1618
YHR008C,P00447,1619
YHR009C,P38758,1620
YHR010W,P0C2H6,1621
YHR011W,P38705,1622
YHR012W,P38759,1623
YHR013C,P07347,1624
YHR015W,P38760,1625
YHR016C,P32793,1626
YHR018C,P04076,1627
YHR019C,P38707,1628
YHR020W,P38708,1629
YHR021C,P38711,1630
YHR023W,P08964,1631
YHR024C,P11914,1632
YHR026W,P23968,1633
YHR027C,P38764,1634
YHR030C,Q00772,1635
YHR031C,P38766,1636
YHR034C,P38768,1637
YHR036W,P38770,1638
YHR037W,P07275,1639
YHR038W,P38771,1640
YHR039C,P48836,1641
YHR039C-A,P48836,1642
YHR041C,P34162,1643
YHR042W,P16603,1644
YHR045W,P38775,1645
YHR047C,P37898,1646
YHR051W,P00427,1647
YHR052W,P38779,1648
YHR053C,P0CX80,1649
YHR055C,P0CX81,1650
YHR056C,P38781,1651
YHR058C,P38782,1652
YHR059W,P38783,1653
YHR060W,P38784,1654
YHR061C,P38785,1655
YHR062C,P38786,1656
YHR063C,P38787,1657
YHR064C,P38788,1658
YHR066W,P38789,1659
YHR067W,P38790,1660
YHR068W,P38791,1661
YHR069C,P38792,1662
YHR072W,P38604,1663
YHR072W-A,Q6Q547,1664
YHR073W,P38713,1665
YHR074W,P38795,1666
YHR076W,P38797,1667
YHR077C,P38798,1668
YHR079C,P32361,1669
YHR081W,P38801,1670
YHR082C,P38691,1671
YHR083W,P14693,1672
YHR084W,P13574,1673
YHR085W,P38803,1674
YHR086W,Q00539,1675
YHR087W,P38804,1676
YHR088W,P38805,1677
YHR089C,P28007,1678
YHR090C,P38806,1679
YHR094C,P32465,1680
YHR096C,P38695,1681
YHR097C,P38809,1682
YHR098C,P38810,1683
YHR099W,P38811,1684
YHR102W,P38692,1685
YHR103W,P38814,1686
YHR104W,P38715,1687
YHR106W,P38816,1688
YHR107C,P32468,1689
YHR108W,P38817,1690
YHR110W,P38819,1691
YHR111W,P38820,1692
YHR112C,P38716,1693
YHR113W,P38821,1694
YHR114W,P38822,1695
YHR115C,P38823,1696
YHR117W,P38825,1697
YHR118C,P38826,1698
YHR119W,P38827,1699
YHR121W,P38828,1700
YHR122W,P38829,1701
YHR123W,P22140,1702
YHR127W,P38833,1703
YHR128W,P18562,1704
YHR129C,P38696,1705
YHR131C,P38835,1706
YHR132C,P38836,1707
YHR132W-A,Q9P305,1708
YHR133C,P38837,1709
YHR135C,P23291,1710
YHR136C,P38839,1711
YHR137W,P38840,1712
YHR138C,P38841,1713
YHR140W,P38842,1714
YHR141C,P0CX28,1715
YHR142W,P38843,1716
YHR143W-A,P40422,1717
YHR144C,P06773,1718
YHR146W,P38845,1719
YHR147C,P32904,1720
YHR148W,P32899,1721
YHR149C,P32900,1722
YHR150W,P38848,1723
YHR154W,P38850,1724
YHR155W,P38851,1725
YHR156C,P38852,1726
YHR158C,P38853,1727
YHR159W,P38854,1728
YHR161C,P38856,1729
YHR163W,P38858,1730
YHR164C,P38859,1731
YHR165C,P33334,1732
YHR166C,P16522,1733
YHR167W,O13539,1734
YHR169W,P38719,1735
YHR170W,P38861,1736
YHR172W,P38863,1737
YHR174W,P00925,1738
YHR178W,P38699,1739
YHR179W,Q03558,1740
YHR181W,P38869,1741
YHR183W,P38720,1742
YHR186C,P38873,1743
YHR187W,P38874,1744
YHR188C,P38875,1745
YHR189W,P38876,1746
YHR190W,P29704,1747
YHR191C,P38877,1748
YHR192W,P38878,1749
YHR193C,P38879,1750
YHR195W,P38881,1751
YHR196W,P38882,1752
YHR197W,P38883,1753
YHR198C,P38884,1754
YHR199C,Q3E7Y6,1755
YHR200W,P38886,1756
YHR201C,P38698,1757
YHR202W,P38887,1758
YHR203C,P0CX36,1759
YHR205W,P11792,1760
YHR206W,P38889,1761
YHR207C,P38890,1762
YHR208W,P38891,1763
YHR216W,P38697,1764
YIL001W,P40560,1765
YIL002C,P40559,1766
YIL002W-A,Q3E7Z5,1767
YIL003W,P40558,1768
YIL004C,P22804,1769
YIL005W,P40557,1770
YIL007C,P40555,1771
YIL008W,P40554,1772
YIL009W,P39002,1773
YIL010W,P40553,1774
YIL013C,P40550,1775
YIL015W,P12630,1776
YIL016W,P40548,1777
YIL017C,P40547,1778
YIL018W,P0CX46,1779
YIL019W,P40546,1780
YIL021W,P16370,1781
YIL022W,Q01852,1782
YIL026C,P40541,1783
YIL027C,P40540,1784
YIL030C,P40318,1785
YIL031W,P40537,1786
YIL033C,P07278,1787
YIL034C,P13517,1788
YIL035C,P15790,1789
YIL036W,P40535,1790
YIL037C,P40534,1791
YIL038C,P06102,1792
YIL039W,P40533,1793
YIL040W,P40532,1794
YIL042C,P40530,1795
YIL043C,P38626,1796
YIL044C,P40529,1797
YIL045W,P40187,1798
YIL046W,P39014,1799
YIL047C,P40528,1800
YIL050W,P40186,1801
YIL051C,P40185,1802
YIL052C,P40525,1803
YIL053W,P41277,1804
YIL056W,P40522,1805
YIL057C,P40188,1806
YIL061C,Q00916,1807
YIL062C,P40518,1808
YIL063C,P40517,1809
YIL066C,P21672,1810
YIL068C,P32844,1811
YIL069C,P0CX32,1812
YIL070C,P40513,1813
YIL071C,P40512,1814
YIL074C,P40510,1815
YIL075C,P32565,1816
YIL076W,P40509,1817
YIL077C,P40508,1818
YIL078W,P04801,1819
YIL079C,P40507,1820
YIL083C,P40506,1821
YIL084C,P40505,1822
YIL088C,P40501,1823
YIL091C,P40498,1824
YIL093C,P40496,1825
YIL094C,P40495,1826
YIL095W,P40494,1827
YIL096C,P40493,1828
YIL097W,P40492,1829
YIL098C,P40491,1830
YIL101C,P40489,1831
YIL103W,P40487,1832
YIL104C,P40486,1833
YIL105C,P40485,1834
YIL106W,P40484,1835
YIL107C,P40433,1836
YIL108W,P40483,1837
YIL109C,P40482,1838
YIL110W,P40481,1839
YIL111W,P00425,1840
YIL112W,P40480,1841
YIL115C,P40477,1842
YIL119C,P23250,1843
YIL121W,P40474,1844
YIL123W,P40472,1845
YIL124W,P40471,1846
YIL125W,P20967,1847
YIL126W,P32597,1848
YIL127C,P40470,1849
YIL128W,P40469,1850
YIL129C,P40468,1851
YIL131C,P40466,1852
YIL133C,P26784,1853
YIL135C,P40463,1854
YIL136W,P16547,1855
YIL138C,P40414,1856
YIL142W,P39076,1857
YIL143C,Q00578,1858
YIL144W,P40460,1859
YIL145C,P40459,1860
YIL147C,P39928,1861
YIL148W,P0CH08,1862
YIL149C,P40457,1863
YIL150C,P32354,1864
YIL151C,P40456,1865
YIL153W,P40454,1866
YIL154C,P32351,1867
YIL155C,P32191,1868
YIL156W,P40453,1869
YIL156W-B,Q2V2P4,1870
YIL160C,P27796,1871
YIL161W,P40449,1872
YIL177C,P40434,1873
YIR001C,P40561,1874
YIR002C,P40562,1875
YIR003W,P40563,1876
YIR004W,P40564,1877
YIR005W,P40565,1878
YIR006C,P32521,1879
YIR007W,P40566,1880
YIR008C,P10363,1881
YIR009W,P40567,1882
YIR010W,P40568,1883
YIR011C,P38637,1884
YIR012W,P35184,1885
YIR014W,P40570,1886
YIR015W,P40571,1887
YIR018W,P40574,1888
YIR022W,P15367,1889
YIR025W,P40577,1890
YIR026C,Q02256,1891
YIR033W,P40578,1892
YIR034C,P38998,1893
YIR035C,P40579,1894
YIR037W,P40581,1895
YJL001W,P38624,1896
YJL002C,P41543,1897
YJL005W,P08678,1898
YJL006C,P46962,1899
YJL008C,P47079,1900
YJL010C,P47077,1901
YJL011C,P47076,1902
YJL012C,P47075,1903
YJL014W,P39077,1904
YJL019W,P47069,1905
YJL020C,P47068,1906
YJL023C,P47065,1907
YJL024C,P47064,1908
YJL025W,P40992,1909
YJL026W,P09938,1910
YJL029C,P47061,1911
YJL030W,P40958,1912
YJL033W,P20448,1913
YJL034W,P16474,1914
YJL035C,P47058,1915
YJL036W,P47057,1916
YJL039C,P47054,1917
YJL041W,P14907,1918
YJL042W,P43638,1919
YJL043W,P47053,1920
YJL044C,P32806,1921
YJL045W,P47052,1922
YJL047C,P47050,1923
YJL048C,P47049,1924
YJL050W,P47047,1925
YJL052W,P00360,1926
YJL053W,P40335,1927
YJL054W,P47045,1928
YJL055W,P47044,1929
YJL057C,P47042,1930
YJL061W,P40368,1931
YJL062W,P40367,1932
YJL062W-A,Q3E7B2,1933
YJL063C,P22353,1934
YJL065C,P40366,1935
YJL066C,P40364,1936
YJL069C,P40362,1937
YJL070C,P40361,1938
YJL071W,P40360,1939
YJL072C,P40359,1940
YJL074C,P47037,1941
YJL076W,P47035,1942
YJL078C,P47033,1943
YJL079C,P47032,1944
YJL080C,P06105,1945
YJL081C,P80428,1946
YJL082W,P47031,1947
YJL084C,P47029,1948
YJL085W,P19658,1949
YJL094C,P40309,1950
YJL095W,Q01389,1951
YJL096W,P40858,1952
YJL098W,P40856,1953
YJL099W,P40955,1954
YJL104W,P42949,1955
YJL109C,P42945,1956
YJL111W,P42943,1957
YJL112W,P47025,1958
YJL115W,P32447,1959
YJL117W,P46956,1960
YJL122W,P47019,1961
YJL123C,P47018,1962
YJL124C,P47017,1963
YJL125C,P46959,1964
YJL128C,P08018,1965
YJL129C,P12685,1966
YJL130C,P07259,1967
YJL131C,P47015,1968
YJL136C,Q3E754,1969
YJL137C,P47011,1970
YJL138C,P10081,1971
YJL139C,P26725,1972
YJL140W,P20433,1973
YJL141C,P14680,1974
YJL145W,P47008,1975
YJL146W,P46958,1976
YJL147C,P47007,1977
YJL148W,P47006,1978
YJL149W,P47005,1979
YJL153C,P11986,1980
YJL154C,P34110,1981
YJL155C,P32604,1982
YJL159W,P32478,1983
YJL164C,P06244,1984
YJL165C,P38970,1985
YJL166W,P08525,1986
YJL167W,P08524,1987
YJL168C,P46995,1988
YJL169W,P46994,1989
YJL171C,P46992,1990
YJL172W,P27614,1991
YJL173C,P26755,1992
YJL176C,P32591,1993
YJL177W,P46990,1994
YJL178C,P46989,1995
YJL179W,P46988,1996
YJL180C,P22135,1997
YJL183W,P46985,1998
YJL184W,P46984,1999
YJL186W,P46982,2000
YJL189W,P04650,2001
YJL190C,P0C0W1,2002
YJL191W,P39516,2003
YJL192C,P39543,2004
YJL196C,P39540,2005
YJL197W,P39538,2006
YJL198W,P39535,2007
YJL200C,P39533,2008
YJL201W,P32525,2009
YJL203W,P32524,2010
YJL204C,P39531,2011
YJL207C,P39526,2012
YJL208C,P08466,2013
YJL209W,P07252,2014
YJL210W,P32800,2015
YJL212C,P40897,2016
YJL217W,P40893,2017
YJL225C,P40889,2018
YJR002W,P47083,2019
YJR005W,P27351,2020
YJR006W,P46957,2021
YJR007W,P20459,2022
YJR008W,P47085,2023
YJR009C,P00358,2024
YJR010C-A,P46965,2025
YJR010W,P08536,2026
YJR011C,P47086,2027
YJR013W,P47088,2028
YJR014W,P47089,2029
YJR015W,P47090,2030
YJR016C,P39522,2031
YJR017C,P22696,2032
YJR019C,P41903,2033
YJR022W,P47093,2034
YJR024C,P47095,2035
YJR025C,P47096,2036
YJR026W,P0CX74,2037
YJR027W,P47098,2038
YJR029W,P47100,2039
YJR033C,P47104,2040
YJR035W,P40352,2041
YJR039W,P47107,2042
YJR040W,P37020,2043
YJR041C,P47108,2044
YJR042W,P46673,2045
YJR043C,P47110,2046
YJR044C,P47111,2047
YJR045C,P0CS90,2048
YJR047C,P19211,2049
YJR048W,P00044,2050
YJR049C,P21373,2051
YJR050W,P21374,2052
YJR051W,P21375,2053
YJR052W,P06779,2054
YJR053W,P47113,2055
YJR055W,P46973,2056
YJR057W,P00572,2057
YJR058C,Q00381,2058
YJR059W,P47116,2059
YJR063W,P32529,2060
YJR064W,P40413,2061
YJR065C,P47117,2062
YJR066W,P35169,2063
YJR067C,P47118,2064
YJR068W,P40348,2065
YJR069C,P47119,2066
YJR070C,P47120,2067
YJR072C,P47122,2068
YJR074W,P47123,2069
YJR075W,P47124,2070
YJR076C,P32458,2071
YJR077C,P23641,2072
YJR080C,P47127,2073
YJR082C,P47128,2074
YJR083C,P47129,2075
YJR084W,P47130,2076
YJR086W,P18852,2077
YJR088C,P47133,2078
YJR090C,P24814,2079
YJR091C,P47135,2080
YJR092W,P47136,2081
YJR093C,P45976,2082
YJR094W-A,P0CX26,2083
YJR095W,P33303,2084
YJR096W,P47137,2085
YJR101W,P47141,2086
YJR102C,P47142,2087
YJR104C,P00445,2088
YJR105W,P47143,2089
YJR109C,P03965,2090
YJR111C,P47148,2091
YJR112W,P47149,2092
YJR113C,P47150,2093
YJR116W,P47153,2094
YJR117W,P47154,2095
YJR118C,P47155,2096
YJR119C,P47156,2097
YJR121W,P00830,2098
YJR122W,P47158,2099
YJR123W,P26783,2100
YJR125C,P47160,2101
YJR127C,P46974,2102
YJR129C,P47163,2103
YJR131W,P32906,2104
YJR132W,P46970,2105
YJR133W,P47165,2106
YJR134C,P47166,2107
YJR135C,P47167,2108
YJR136C,P47168,2109
YJR137C,P47169,2110
YJR138W,P47170,2111
YJR139C,P31116,2112
YJR140C,P47171,2113
YJR143C,P46971,2114
YJR144W,P32787,2115
YJR145C,P0CX35,2116
YJR147W,P47175,2117
YJR148W,P47176,2118
YJR149W,P47177,2119
YJR161C,P47187,2120
YKL001C,Q02196,2121
YKL002W,P36108,2122
YKL003C,P28778,2123
YKL004W,P36107,2124
YKL005C,P36106,2125
YKL006C-A,P43682,2126
YKL006W,P36105,2127
YKL007W,P28495,2128
YKL008C,P28496,2129
YKL009W,P33201,2130
YKL010C,P33202,2131
YKL011C,Q03702,2132
YKL012W,P33203,2133
YKL013C,P33204,2134
YKL014C,P34241,2135
YKL015W,P25502,2136
YKL016C,P30902,2137
YKL017C,P34243,2138
YKL018C-A,Q3E7A7,2139
YKL018W,P36104,2140
YKL019W,P29703,2141
YKL020C,P35210,2142
YKL021C,P20484,2143
YKL022C,P09798,2144
YKL023W,P36103,2145
YKL024C,P15700,2146
YKL025C,P36102,2147
YKL026C,P36014,2148
YKL027W,P36101,2149
YKL028W,P36100,2150
YKL029C,P36013,2151
YKL032C,P33417,2152
YKL033W,P36097,2153
YKL033W-A,Q86ZR7,2154
YKL034W,P36096,2155
YKL035W,P32861,2156
YKL038W,P32862,2157
YKL039W,P32857,2158
YKL040C,P32860,2159
YKL041W,P36095,2160
YKL042W,P36094,2161
YKL043W,P36093,2162
YKL045W,P20457,2163
YKL047W,P36090,2164
YKL048C,P32801,2165
YKL049C,P36012,2166
YKL052C,P35734,2167
YKL053C-A,O60200,2168
YKL054C,P35732,2169
YKL055C,P35731,2170
YKL056C,P35691,2171
YKL057C,P35729,2172
YKL058W,P32774,2173
YKL059C,P35728,2174
YKL060C,P14540,2175
YKL061W,P35727,2176
YKL062W,P33749,2177
YKL063C,P35725,2178
YKL064W,P35724,2179
YKL065C,P35723,2180
YKL067W,P36010,2181
YKL068W,Q02629,2182
YKL071W,P36086,2183
YKL072W,P36085,2184
YKL073W,P36016,2185
YKL074C,P36084,2186
YKL075C,P36083,2187
YKL077W,P36081,2188
YKL078W,P36009,2189
YKL080W,P31412,2190
YKL081W,P36008,2191
YKL082C,P36080,2192
YKL085W,P17505,2193
YKL086W,P36077,2194
YKL088W,P36076,2195
YKL089W,P35201,2196
YKL090W,P36075,2197
YKL091C,P33324,2198
YKL092C,P33314,2199
YKL093W,P23493,2200
YKL094W,P28321,2201
YKL095W,P28320,2202
YKL096W,P28319,2203
YKL096W-A,P43497,2204
YKL099C,P34247,2205
YKL100C,P34248,2206
YKL101W,P34244,2207
YKL103C,P14904,2208
YKL104C,P14742,2209
YKL105C,P34250,2210
YKL110C,P34253,2211
YKL112W,P14164,2212
YKL113C,P26793,2213
YKL114C,P22936,2214
YKL116C,P28708,2215
YKL117W,P28707,2216
YKL119C,P32341,2217
YKL120W,P32332,2218
YKL121W,P32330,2219
YKL122C,P32342,2220
YKL125W,P36070,2221
YKL126W,P12688,2222
YKL127W,P33401,2223
YKL128C,P36069,2224
YKL129C,P36006,2225
YKL130C,P36068,2226
YKL134C,P35999,2227
YKL135C,P36000,2228
YKL138C,P69852,2229
YKL138C-A,P69852,2230
YKL139W,Q03957,2231
YKL140W,P34163,2232
YKL142W,P35719,2233
YKL143W,P34078,2234
YKL144C,P35718,2235
YKL145W,P33299,2236
YKL146W,P36062,2237
YKL148C,Q00711,2238
YKL149C,P24309,2239
YKL150W,P36060,2240
YKL151C,P36059,2241
YKL152C,P00950,2242
YKL154W,P36057,2243
YKL155C,P36056,2244
YKL156W,P35997,2245
YKL157W,P32454,2246
YKL159C,P36054,2247
YKL160W,P36053,2248
YKL162C,P36052,2249
YKL164C,Q03178,2250
YKL165C,P36051,2251
YKL166C,P05986,2252
YKL167C,P32388,2253
YKL168C,P36004,2254
YKL170W,P35996,2255
YKL171W,P36003,2256
YKL172W,P36049,2257
YKL173W,P36048,2258
YKL175W,P34240,2259
YKL176C,P34239,2260
YKL179C,P34237,2261
YKL180W,P05740,2262
YKL181W,P32895,2263
YKL182W,P07149,2264
YKL185W,P34233,2265
YKL186C,P34232,2266
YKL187C,P34231,2267
YKL189W,P32464,2268
YKL190W,P25296,2269
YKL191W,P32461,2270
YKL192C,P32463,2271
YKL193C,P36047,2272
YKL194C,P07236,2273
YKL195W,P36046,2274
YKL196C,P36015,2275
YKL197C,P24004,2276
YKL198C,P36002,2277
YKL203C,P32600,2278
YKL204W,P36041,2279
YKL205W,P33418,2280
YKL206C,P36040,2281
YKL207W,P36039,2282
YKL209C,P12866,2283
YKL210W,P22515,2284
YKL211C,P00937,2285
YKL212W,P32368,2286
YKL213C,P36037,2287
YKL214C,P36036,2288
YKL216W,P28272,2289
YKL220C,P36033,2290
YKL222C,P35995,2291
YKR001C,P21576,2292
YKR002W,P29468,2293
YKR003W,Q02201,2294
YKR006C,Q02204,2295
YKR007W,Q02205,2296
YKR008W,Q02206,2297
YKR009C,Q02207,2298
YKR010C,Q02208,2299
YKR013W,P36110,2300
YKR014C,P36018,2301
YKR016W,P36112,2302
YKR018C,P36114,2303
YKR019C,P36115,2304
YKR020W,P36116,2305
YKR022C,P36118,2306
YKR023W,P36119,2307
YKR024C,P36120,2308
YKR025W,P36121,2309
YKR026C,P14741,2310
YKR027W,P36122,2311
YKR028W,P36123,2312
YKR029C,P36124,2313
YKR031C,P36126,2314
YKR035W-A,P69771,2315
YKR036C,P36130,2316
YKR037C,P36131,2317
YKR038C,P36132,2318
YKR039W,P19145,2319
YKR041W,P36134,2320
YKR042W,P36135,2321
YKR043C,P36136,2322
YKR048C,P25293,2323
YKR049C,P36141,2324
YKR052C,P23500,2325
YKR054C,P36022,2326
YKR057W,P0C0V8,2327
YKR058W,P36143,2328
YKR059W,P10081,2329
YKR060W,P36144,2330
YKR062W,P36145,2331
YKR063C,P36146,2332
YKR064W,P36023,2333
YKR065C,P36147,2334
YKR066C,P00431,2335
YKR067W,P36148,2336
YKR068C,P36149,2337
YKR071C,P36152,2338
YKR072C,P36024,2339
YKR079C,P36159,2340
YKR080W,Q02046,2341
YKR081C,P36160,2342
YKR082W,P36161,2343
YKR083C,P36162,2344
YKR084C,P32769,2345
YKR085C,P22354,2346
YKR086W,P15938,2347
YKR087C,P36163,2348
YKR088C,P36164,2349
YKR089C,P36165,2350
YKR090W,P36166,2351
YKR092C,P32583,2352
YKR093W,P32901,2353
YKR094C,P0CH09,2354
YKR095W,Q02455,2355
YKR095W-A,Q3E833,2356
YKR096W,P36168,2357
YKR099W,P22035,2358
YLL001W,P54861,2359
YLL002W,Q07794,2360
YLL003W,Q12369,2361
YLL004W,P54790,2362
YLL006W,P41800,2363
YLL007C,Q07799,2364
YLL008W,P32892,2365
YLL010C,Q07800,2366
YLL011W,P33750,2367
YLL012W,Q07804,2368
YLL013C,Q07807,2369
YLL014W,Q12431,2370
YLL015W,P14772,2371
YLL018C,P04802,2372
YLL021W,P23201,2373
YLL022C,Q12373,2374
YLL024C,P10592,2375
YLL026W,P31539,2376
YLL027W,Q07821,2377
YLL029W,Q07825,2378
YLL031C,Q07830,2379
YLL032C,Q07834,2380
YLL033W,Q07843,2381
YLL034C,Q07844,2382
YLL035W,Q07845,2383
YLL036C,P32523,2384
YLL039C,P0CG63,2385
YLL040C,Q07878,2386
YLL041C,P21801,2387
YLL043W,P23900,2388
YLL045C,P29453,2389
YLL048C,P32386,2390
YLL050C,Q03048,2391
YLL054C,Q12244,2392
YLL061W,Q12372,2393
YLL066C,Q99208,2394
YLL067C,Q07888,2395
YLR001C,Q07895,2396
YLR002C,Q07896,2397
YLR003C,Q07897,2398
YLR005W,Q04673,2399
YLR006C,Q07084,2400
YLR007W,Q07913,2401
YLR008C,Q07914,2402
YLR009W,Q07915,2403
YLR011W,Q07923,2404
YLR015W,P43132,2405
YLR016C,Q07930,2406
YLR017W,Q07938,2407
YLR018C,Q12445,2408
YLR021W,Q07951,2409
YLR022C,Q07953,2410
YLR024C,Q07963,2411
YLR025W,P39929,2412
YLR026C,Q01590,2413
YLR027C,P23542,2414
YLR028C,P54113,2415
YLR029C,P05748,2416
YLR032W,P32849,2417
YLR033W,Q07979,2418
YLR034C,Q12078,2419
YLR035C,Q12088,2420
YLR035C-A,Q12088,2421
YLR038C,Q01519,2422
YLR039C,P40395,2423
YLR043C,P22217,2424
YLR044C,P06169,2425
YLR045C,P46675,2426
YLR048W,P46654,2427
YLR050C,Q12155,2428
YLR051C,Q12035,2429
YLR052W,Q12345,2430
YLR055C,P38915,2431
YLR056W,P32353,2432
YLR058C,P37291,2433
YLR060W,P15624,2434
YLR061W,P05749,2435
YLR064W,Q12144,2436
YLR065C,Q99382,2437
YLR066W,Q12133,2438
YLR071C,P19263,2439
YLR072W,Q08001,2440
YLR074C,Q08004,2441
YLR075W,P41805,2442
YLR077W,Q08023,2443
YLR078C,P25385,2444
YLR079W,P38634,2445
YLR080W,Q12396,2446
YLR081W,P13181,2447
YLR083C,P32802,2448
YLR084C,Q12465,2449
YLR085C,Q12509,2450
YLR086W,Q12267,2451
YLR088W,P39012,2452
YLR089C,P52893,2453
YLR090W,P39102,2454
YLR091W,Q12393,2455
YLR093C,Q12255,2456
YLR094C,Q12418,2457
YLR095C,Q12072,2458
YLR096W,P13186,2459
YLR097C,Q12347,2460
YLR100W,Q12452,2461
YLR102C,Q12107,2462
YLR103C,Q08032,2463
YLR104W,Q08045,2464
YLR105C,P16658,2465
YLR106C,Q12019,2466
YLR107W,Q12090,2467
YLR108C,Q12259,2468
YLR109W,P38013,2469
YLR110C,Q12127,2470
YLR113W,P32485,2471
YLR115W,Q12102,2472
YLR116W,Q12186,2473
YLR117C,Q12309,2474
YLR118C,Q12354,2475
YLR120C,P32329,2476
YLR127C,Q12440,2477
YLR129W,Q12220,2478
YLR131C,P21192,2479
YLR132C,Q12208,2480
YLR133W,P20485,2481
YLR134W,P16467,2482
YLR135W,Q12098,2483
YLR136C,P47977,2484
YLR138W,Q99271,2485
YLR139C,P42900,2486
YLR141W,Q02983,2487
YLR143W,Q12429,2488
YLR145W,Q12530,2489
YLR146C,Q12455,2490
YLR147C,P43321,2491
YLR148W,P27801,2492
YLR149C,P0C5P8,2493
YLR150W,P39015,2494
YLR153C,P52910,2495
YLR154C,Q12338,2496
YLR163C,P10507,2497
YLR166C,Q06245,2498
YLR167W,P05759,2499
YLR168C,P35200,2500
YLR170C,P35181,2501
YLR175W,P33322,2502
YLR176C,P48743,2503
YLR177W,Q06251,2504
YLR178C,P14306,2505
YLR180W,P10659,2506
YLR181C,Q06263,2507
YLR182W,P09959,2508
YLR183C,Q06266,2509
YLR185W,P49166,2510
YLR186W,Q06287,2511
YLR189C,Q06321,2512
YLR190W,Q06324,2513
YLR191W,P80667,2514
YLR192C,Q05775,2515
YLR193C,Q05776,2516
YLR194C,Q05777,2517
YLR195C,P14743,2518
YLR196W,P21304,2519
YLR197W,Q12460,2520
YLR199C,Q05778,2521
YLR200W,P52553,2522
YLR201C,Q05779,2523
YLR203C,P32335,2524
YLR206W,Q05785,2525
YLR207W,Q05787,2526
YLR208W,Q04491,2527
YLR210W,P24871,2528
YLR211C,Q05789,2529
YLR212C,P53378,2530
YLR214W,P32791,2531
YLR215C,Q05791,2532
YLR216C,P53691,2533
YLR219W,Q05812,2534
YLR221C,Q05942,2535
YLR222C,Q05946,2536
YLR223C,P39520,2537
YLR224W,Q05947,2538
YLR225C,Q05948,2539
YLR226W,Q05949,2540
YLR227W-A,P0CX75,2541
YLR227W-B,P0C2I6,2542
YLR228C,Q05958,2543
YLR229C,P19073,2544
YLR231C,Q05979,2545
YLR234W,P13099,2546
YLR238W,Q06001,2547
YLR239C,Q06005,2548
YLR240W,P22543,2549
YLR241W,Q06538,2550
YLR243W,Q06543,2551
YLR244C,Q01662,2552
YLR247C,Q06554,2553
YLR248W,P38623,2554
YLR249W,P16521,2555
YLR250W,P39931,2556
YLR253W,Q06567,2557
YLR256W-B,P0C2I7,2558
YLR257W,Q06146,2559
YLR258W,P27472,2560
YLR259C,P19882,2561
YLR260W,Q06147,2562
YLR262C,Q99260,2563
YLR264W,P0C0X0,2564
YLR266C,Q06149,2565
YLR268W,P22214,2566
YLR270W,Q06151,2567
YLR271W,Q06152,2568
YLR272C,Q06156,2569
YLR274W,P29496,2570
YLR275W,Q06217,2571
YLR276C,Q06218,2572
YLR277C,Q06224,2573
YLR278C,Q05854,2574
YLR281C,Q05863,2575
YLR283W,Q05867,2576
YLR285W,Q05874,2577
YLR287C-A,P0CX33,2578
YLR290C,Q05892,2579
YLR291C,P32502,2580
YLR292C,P39742,2581
YLR293C,P32835,2582
YLR295C,Q12349,2583
YLR298C,Q05900,2584
YLR299W,Q05902,2585
YLR300W,P23776,2586
YLR304C,P19414,2587
YLR305C,P37297,2588
YLR309C,Q06704,2589
YLR310C,P04821,2590
YLR312W-A,P36523,2591
YLR313C,Q06160,2592
YLR314C,P32457,2593
YLR315W,Q06162,2594
YLR316C,Q9URQ3,2595
YLR319C,P41697,2596
YLR321C,Q06168,2597
YLR323C,P53769,2598
YLR324W,Q06169,2599
YLR325C,P49167,2600
YLR327C,Q06177,2601
YLR328W,Q06178,2602
YLR330W,Q12114,2603
YLR332W,P36027,2604
YLR333C,P0C0T4,2605
YLR335W,P32499,2606
YLR336C,Q06132,2607
YLR337C,P37370,2608
YLR340W,P05317,2609
YLR342W,P38631,2610
YLR344W,P05743,2611
YLR345W,Q06137,2612
YLR347C,Q06142,2613
YLR351C,P49954,2614
YLR352W,Q06479,2615
YLR354C,P15019,2616
YLR355C,P06168,2617
YLR356W,Q06485,2618
YLR357W,Q06488,2619
YLR359W,Q05911,2620
YLR360W,Q05919,2621
YLR362W,P23561,2622
YLR363C,Q12129,2623
YLR363W-A,Q3E747,2624
YLR367W,Q3E7Y3,2625
YLR369W,Q05931,2626
YLR370C,Q05933,2627
YLR371W,P51862,2628
YLR372W,P40319,2629
YLR373C,Q05934,2630
YLR376C,Q12318,2631
YLR378C,P32915,2632
YLR380W,Q06705,2633
YLR381W,Q12748,2634
YLR382C,P11325,2635
YLR383W,Q12749,2636
YLR384C,Q06706,2637
YLR385C,Q06707,2638
YLR386W,Q06708,2639
YLR387C,Q06709,2640
YLR388W,P41057,2641
YLR390W-A,O13547,2642
YLR392C,P18634,2643
YLR393W,P18496,2644
YLR395C,P04039,2645
YLR396C,P20795,2646
YLR397C,P32794,2647
YLR398C,P35207,2648
YLR399C,P35817,2649
YLR401C,Q06053,2650
YLR403W,P32432,2651
YLR404W,Q06058,2652
YLR405W,Q06063,2653
YLR406C,P0C2H9,2654
YLR407W,Q06070,2655
YLR408C,Q06071,2656
YLR409C,Q06078,2657
YLR410W,P0C2J3,2658
YLR410W-A,P0C2J4,2659
YLR413W,Q06689,2660
YLR414C,Q06991,2661
YLR417W,Q06696,2662
YLR418C,Q06697,2663
YLR419W,Q06698,2664
YLR420W,P20051,2665
YLR421C,O13563,2666
YLR422W,Q06409,2667
YLR424C-B,P0C2J6,2668
YLR424W,Q06411,2669
YLR425W,Q06412,2670
YLR427W,Q06436,2671
YLR430W,Q00416,2672
YLR432W,P50095,2673
YLR433C,P23287,2674
YLR435W,Q06672,2675
YLR436C,Q06673,2676
YLR438C-A,P57743,2677
YLR438W,P07991,2678
YLR439W,P36517,2679
YLR440C,Q12745,2680
YLR441C,P33442,2681
YLR442C,P06701,2682
YLR447C,P32366,2683
YLR448W,P05739,2684
YLR449W,Q06205,2685
YLR450W,P12684,2686
YLR452C,P11972,2687
YLR454W,Q06179,2688
YLR455W,Q06188,2689
YLR456W,Q06199,2690
YLR457C,P52919,2691
YLR466W,O13559,2692
YLR467W,P0CX21,2693
YML001W,P32939,2694
YML004C,P50107,2695
YML005W,Q04235,2696
YML006C,Q04233,2697
YML007W,P19880,2698
YML008C,P25087,2699
YML009C,P36533,2700
YML010W,P27692,2701
YML012W,P54837,2702
YML013W,Q04228,2703
YML014W,P49957,2704
YML015C,Q04226,2705
YML016C,P26570,2706
YML017W,P50109,2707
YML018C,Q03730,2708
YML019W,Q03723,2709
YML020W,Q03722,2710
YML021C,P12887,2711
YML022W,P49435,2712
YML023C,Q03718,2713
YML024W,P02407,2714
YML025C,P51998,2715
YML026C,P0CX56,2716
YML027W,P34161,2717
YML028W,P34760,2718
YML029W,Q03714,2719
YML031W,P32500,2720
YML032C,P06778,2721
YML034W,Q03707,2722
YML035C,P15274,2723
YML036W,Q03705,2724
YML037C,Q03703,2725
YML038C,Q03697,2726
YML039W,Q03434,2727
YML040W,P0CX76,2728
YML041C,Q03433,2729
YML042W,P32796,2730
YML043C,Q04712,2731
YML046W,P39682,2732
YML048W,Q04697,2733
YML049C,Q04693,2734
YML051W,P04387,2735
YML052W,P54003,2736
YML055W,Q04969,2737
YML056C,P50094,2738
YML057W,P14747,2739
YML058W,Q04964,2740
YML058W-A,Q6Q5K6,2741
YML059C,Q04958,2742
YML060W,P53397,2743
YML061C,P07271,2744
YML062C,P33441,2745
YML063W,P23248,2746
YML065W,P54784,2747
YML067C,Q04651,2748
YML069W,Q04636,2749
YML070W,P54838,2750
YML071C,Q04632,2751
YML072C,Q03640,2752
YML073C,Q02326,2753
YML074C,P38911,2754
YML075C,P12683,2755
YML077W,Q03630,2756
YML078W,P25719,2757
YML079W,Q03629,2758
YML080W,P53759,2759
YML081C-A,P81450,2760
YML081W,Q04545,2761
YML082W,Q04533,2762
YML085C,P09733,2763
YML088W,Q04511,2764
YML091C,Q02773,2765
YML092C,P23639,2766
YML093W,Q04500,2767
YML094W,Q04493,2768
YML095C,P06838,2769
YML098W,P11747,2770
YML099C,P05085,2771
YML100W,P38427,2772
YML101C,Q04201,2773
YML102W,Q04199,2774
YML103C,P52593,2775
YML105C,P29478,2776
YML106W,P13298,2777
YML107C,Q03760,2778
YML109W,P54786,2779
YML110C,P49017,2780
YML111W,Q03758,2781
YML112W,P46963,2782
YML114C,Q03750,2783
YML115C,P23642,2784
YML116W,P13090,2785
YML117W,Q03735,2786
YML119W,Q03208,2787
YML120C,P32340,2788
YML121W,Q00582,2789
YML123C,P25297,2790
YML124C,P09734,2791
YML125C,Q12746,2792
YML127W,Q03124,2793
YML130C,Q03103,2794
YML133C,Q03099,2795
YMR001C,P32562,2796
YMR002W,Q03667,2797
YMR003W,Q03673,2798
YMR005W,P50105,2799
YMR008C,P39105,2800
YMR010W,Q03687,2801
YMR011W,P23585,2802
YMR012W,Q03690,2803
YMR014W,Q04347,2804
YMR015C,P54781,2805
YMR021C,P35192,2806
YMR022W,Q02159,2807
YMR024W,P36516,2808
YMR025W,Q04368,2809
YMR026C,Q04370,2810
YMR027W,Q04371,2811
YMR028W,Q04372,2812
YMR029C,Q05040,2813
YMR031C,Q05050,2814
YMR032W,Q05080,2815
YMR033W,Q05123,2816
YMR036C,P23748,2817
YMR037C,P33748,2818
YMR038C,P40202,2819
YMR039C,P54000,2820
YMR042W,P07249,2821
YMR043W,P11746,2822
YMR044W,Q04213,2823
YMR047C,Q02630,2824
YMR048W,Q04659,2825
YMR049C,Q04660,2826
YMR052W,P46671,2827
YMR054W,P37296,2828
YMR058W,P38993,2829
YMR059W,Q04675,2830
YMR060C,P50110,2831
YMR061W,P25298,2832
YMR064W,P32493,2833
YMR066W,Q04748,2834
YMR067C,P54730,2835
YMR069W,Q04751,2836
YMR070W,P54785,2837
YMR071C,Q04767,2838
YMR072W,Q02486,2839
YMR074C,Q04773,2840
YMR075W,Q04779,2841
YMR076C,Q04264,2842
YMR077C,Q04272,2843
YMR078C,P49956,2844
YMR079W,P24280,2845
YMR080C,P30771,2846
YMR083W,P07246,2847
YMR086W,Q04279,2848
YMR089C,P40341,2849
YMR091C,P32832,2850
YMR092C,P46680,2851
YMR093W,Q04305,2852
YMR094W,P35203,2853
YMR097C,Q03151,2854
YMR098C,Q03153,2855
YMR099C,Q03161,2856
YMR100W,Q03162,2857
YMR102C,Q03177,2858
YMR104C,P18961,2859
YMR106C,Q04437,2860
YMR108W,P07342,2861
YMR109W,Q04439,2862
YMR110C,Q04458,2863
YMR112C,Q99278,2864
YMR115W,Q04472,2865
YMR116C,P38011,2866
YMR117C,Q04477,2867
YMR119W,P54074,2868
YMR120C,P38009,2869
YMR121C,P54780,2870
YMR124W,P39523,2871
YMR125W,P34160,2872
YMR127C,P40963,2873
YMR128W,Q04217,2874
YMR129W,P39685,2875
YMR130W,Q04223,2876
YMR131C,Q04225,2877
YMR134W,P40207,2878
YMR135C,P40208,2879
YMR138W,P39110,2880
YMR139W,P38615,2881
YMR142C,P40212,2882
YMR143W,P0CX51,2883
YMR144W,P40214,2884
YMR145C,P40215,2885
YMR146C,P40217,2886
YMR147W,P40218,2887
YMR148W,P40219,2888
YMR149W,Q02795,2889
YMR153W,Q03790,2890
YMR157C,Q03798,2891
YMR158W,Q03799,2892
YMR159C,Q03818,2893
YMR160W,Q03823,2894
YMR161W,P48353,2895
YMR162C,Q12674,2896
YMR163C,Q03824,2897
YMR164C,Q03825,2898
YMR165C,P32567,2899
YMR167W,P38920,2900
YMR168C,P40969,2901
YMR169C,P54114,2902
YMR170C,P47771,2903
YMR171C,Q03212,2904
YMR172W,Q03213,2905
YMR173W,P18899,2906
YMR174C,P01094,2907
YMR175W,P50263,2908
YMR176W,Q03214,2909
YMR178W,Q03219,2910
YMR179W,P35209,2911
YMR183C,P39926,2912
YMR186W,P15108,2913
YMR188C,Q03246,2914
YMR189W,P49095,2915
YMR190C,P35187,2916
YMR192W,Q04322,2917
YMR193W,P36525,2918
YMR194W,P05745,2919
YMR195W,Q04329,2920
YMR196W,Q04336,2921
YMR198W,Q01649,2922
YMR199W,P20437,2923
YMR200W,Q03691,2924
YMR202W,P32352,2925
YMR203W,P23644,2926
YMR205C,P16862,2927
YMR206W,Q03695,2928
YMR207C,P32874,2929
YMR209C,Q03648,2930
YMR210W,Q03649,2931
YMR212C,Q03653,2932
YMR213W,Q03654,2933
YMR214W,P25303,2934
YMR215W,Q03655,2935
YMR216C,Q03656,2936
YMR217W,P38625,2937
YMR218C,Q03660,2938
YMR219W,Q03661,2939
YMR221C,Q04991,2940
YMR223W,P50102,2941
YMR224C,P32829,2942
YMR225C,P19956,2943
YMR226C,Q05016,2944
YMR227C,Q05021,2945
YMR229C,Q05022,2946
YMR230W,P46784,2947
YMR231W,P12868,2948
YMR232W,Q05670,2949
YMR233W,Q05024,2950
YMR235C,P11745,2951
YMR236W,Q05027,2952
YMR237W,Q05029,2953
YMR238W,Q05031,2954
YMR240C,Q02554,2955
YMR241W,Q04013,2956
YMR242C,P0CX23,2957
YMR243C,P20107,2958
YMR246W,P47912,2959
YMR251W-A,Q05827,2960
YMR253C,Q04835,2961
YMR255W,Q04839,2962
YMR256C,P10174,2963
YMR258C,Q04847,2964
YMR259C,Q03496,2965
YMR260C,P38912,2966
YMR261C,P38426,2967
YMR263W,P38429,2968
YMR264W,P38428,2969
YMR265C,Q03508,2970
YMR266W,Q03516,2971
YMR267W,P28239,2972
YMR269W,Q03525,2973
YMR270C,P53437,2974
YMR271C,P30402,2975
YMR273C,P50111,2976
YMR275C,P48524,2977
YMR276W,P48510,2978
YMR277W,Q03254,2979
YMR280C,P39113,2980
YMR282C,P22136,2981
YMR283C,P23796,2982
YMR284W,P32807,2983
YMR285C,Q03264,2984
YMR286W,P20084,2985
YMR287C,P39112,2986
YMR288W,P49955,2987
YMR290C,Q03532,2988
YMR291W,Q03533,2989
YMR293C,Q03557,2990
YMR294W,P36224,2991
YMR295C,Q03559,2992
YMR296C,P25045,2993
YMR297W,P00729,2994
YMR298W,Q03579,2995
YMR299C,Q04949,2996
YMR300C,P04046,2997
YMR302C,P32843,2998
YMR303C,P00331,2999
YMR304W,P50101,3000
YMR306W,Q04952,3001
YMR307W,P22146,3002
YMR308C,P32337,3003
YMR309C,P32497,3004
YMR310C,Q04867,3005
YMR311C,P41818,3006
YMR312W,Q04868,3007
YMR313C,P40308,3008
YMR314W,P40302,3009
YMR315W,Q04869,3010
YMR316W,P54005,3011
YMR318C,Q04894,3012
YMR319C,P40988,3013
YMR323W,P42222,3014
YNL001W,P33309,3015
YNL002C,P40693,3016
YNL003C,P38921,3017
YNL004W,P38922,3018
YNL005C,P12687,3019
YNL006W,P41318,3020
YNL007C,P25294,3021
YNL008C,P53983,3022
YNL010W,P53981,3023
YNL014W,P53978,3024
YNL015W,P0CT04,3025
YNL016W,P32588,3026
YNL020C,P53974,3027
YNL021W,P53973,3028
YNL022C,P53972,3029
YNL023C,P53971,3030
YNL025C,P47821,3031
YNL026W,P53969,3032
YNL030W,P02309,3033
YNL031C,P61830,3034
YNL032W,P53965,3035
YNL035C,P53962,3036
YNL036W,P53615,3037
YNL037C,P28834,3038
YNL039W,P46678,3039
YNL041C,P53959,3040
YNL042W,P53958,3041
YNL044W,P53633,3042
YNL046W,P53956,3043
YNL047C,P53955,3044
YNL049C,P53953,3045
YNL050C,P53952,3046
YNL051W,P53951,3047
YNL052W,P00424,3048
YNL053W,P38590,3049
YNL054W,P53950,3050
YNL054W-B,Q99337,3051
YNL055C,P04840,3052
YNL056W,P53949,3053
YNL058C,P53947,3054
YNL059C,P53946,3055
YNL061W,P40991,3056
YNL062C,P41814,3057
YNL063W,P53944,3058
YNL064C,P25491,3059
YNL066W,P53616,3060
YNL067W,P51401,3061
YNL068C,P41813,3062
YNL069C,P26785,3063
YNL071W,P12695,3064
YNL072W,P53942,3065
YNL073W,P32048,3066
YNL074C,P32047,3067
YNL075W,P53941,3068
YNL076W,P34072,3069
YNL077W,P53940,3070
YNL078W,P53939,3071
YNL079C,P17536,3072
YNL081C,P53937,3073
YNL082W,P14242,3074
YNL084C,P39013,3075
YNL085W,P40850,3076
YNL086W,P48232,3077
YNL087W,P48231,3078
YNL088W,P06786,3079
YNL091W,P53935,3080
YNL094W,P53933,3081
YNL095C,P53932,3082
YNL096C,P48164,3083
YNL097C,P50947,3084
YNL098C,P01120,3085
YNL099C,P50946,3086
YNL100W,P50945,3087
YNL101W,P50944,3088
YNL102W,P13382,3089
YNL103W,P32389,3090
YNL104C,P06208,3091
YNL106C,P50942,3092
YNL107W,P53930,3093
YNL108C,P53929,3094
YNL110C,P53927,3095
YNL111C,P40312,3096
YNL112W,P24783,3097
YNL113W,P28000,3098
YNL115C,P53925,3099
YNL116W,P53924,3100
YNL117W,P30952,3101
YNL118C,P53550,3102
YNL119W,P53923,3103
YNL121C,P07213,3104
YNL122C,P53921,3105
YNL123W,P53920,3106
YNL124W,P53919,3107
YNL125C,P53918,3108
YNL126W,P53540,3109
YNL127W,P53917,3110
YNL129W,P53915,3111
YNL130C,P17898,3112
YNL131W,P49334,3113
YNL132W,P53914,3114
YNL133C,P53913,3115
YNL134C,P53912,3116
YNL135C,P20081,3117
YNL136W,P53911,3118
YNL137C,P27929,3119
YNL138W,P17555,3120
YNL139C,P53552,3121
YNL141W,P53909,3122
YNL147W,P53905,3123
YNL148C,P53904,3124
YNL149C,P53903,3125
YNL151C,P17890,3126
YNL153C,P53900,3127
YNL154C,P23292,3128
YNL155W,P53899,3129
YNL157W,P53897,3130
YNL160W,P38616,3131
YNL161W,P53894,3132
YNL162W,P0CX27,3133
YNL163C,P53893,3134
YNL164C,P53892,3135
YNL166C,P53890,3136
YNL167C,Q02100,3137
YNL168C,P53889,3138
YNL172W,P53886,3139
YNL173C,P53885,3140
YNL175C,P53883,3141
YNL177C,P53881,3142
YNL178W,P05750,3143
YNL181W,P53878,3144
YNL182C,P53877,3145
YNL183C,P22211,3146
YNL185C,P53875,3147
YNL186W,P53874,3148
YNL189W,Q02821,3149
YNL190W,P53872,3150
YNL191W,P53871,3151
YNL192W,P08004,3152
YNL197C,P34761,3153
YNL198C,P40166,3154
YNL199C,Q01722,3155
YNL201C,P40164,3156
YNL206C,P40161,3157
YNL207W,P40160,3158
YNL208W,P40159,3159
YNL209W,P40150,3160
YNL212W,P40157,3161
YNL213C,P40156,3162
YNL214W,P40155,3163
YNL215W,P40154,3164
YNL216W,P11938,3165
YNL217W,P40152,3166
YNL218W,P40151,3167
YNL219C,P53868,3168
YNL220W,P80210,3169
YNL221C,P41812,3170
YNL222W,P53538,3171
YNL224C,P53866,3172
YNL225C,P53865,3173
YNL227C,P53863,3174
YNL229C,P23202,3175
YNL230C,P53861,3176
YNL231C,P53860,3177
YNL232W,P53859,3178
YNL233W,P53858,3179
YNL234W,P53857,3180
YNL236W,P32259,3181
YNL238W,P13134,3182
YNL241C,P11412,3183
YNL242W,P53855,3184
YNL243W,P33338,3185
YNL244C,P32911,3186
YNL245C,P53854,3187
YNL246W,P53853,3188
YNL247W,P53852,3189
YNL248C,Q01080,3190
YNL250W,P12753,3191
YNL251C,P53617,3192
YNL252C,P36528,3193
YNL253W,P53851,3194
YNL257C,P38717,3195
YNL258C,P53847,3196
YNL261W,P50874,3197
YNL262W,P21951,3198
YNL263C,P53845,3199
YNL264C,P53844,3200
YNL265C,P53843,3201
YNL267W,P39104,3202
YNL271C,P41832,3203
YNL272C,P17065,3204
YNL273W,P53840,3205
YNL278W,P53836,3206
YNL279W,P53835,3207
YNL280C,P32462,3208
YNL282W,P53833,3209
YNL284C,Q12112,3210
YNL287W,P32074,3211
YNL288W,P53829,3212
YNL290W,P38629,3213
YNL292W,P48567,3214
YNL295W,P48564,3215
YNL297C,P48563,3216
YNL298W,P48562,3217
YNL299W,P48561,3218
YNL301C,P0CX50,3219
YNL302C,P07281,3220
YNL306W,P42847,3221
YNL307C,P21965,3222
YNL308C,P42846,3223
YNL309W,P42845,3224
YNL310C,P42844,3225
YNL311C,P42843,3226
YNL312W,P26754,3227
YNL313C,P42842,3228
YNL314W,P21705,3229
YNL315C,P32453,3230
YNL316C,P32452,3231
YNL317W,P42841,3232
YNL321W,P42839,3233
YNL322C,P17260,3234
YNL323W,P42838,3235
YNL325C,P42837,3236
YNL326C,P42836,3237
YNL327W,P42835,3238
YNL329C,P33760,3239
YNL330C,P32561,3240
YNL336W,P53822,3241
YNL339C,P53819,3242
YNR001C,P00890,3243
YNR002C,P32907,3244
YNR003C,P32910,3245
YNR004W,P40342,3246
YNR006W,P40343,3247
YNR007C,P40344,3248
YNR008W,P40345,3249
YNR010W,P33308,3250
YNR011C,P20095,3251
YNR012W,P27515,3252
YNR013C,P27514,3253
YNR016C,Q00955,3254
YNR017W,P32897,3255
YNR018W,P53721,3256
YNR019W,P53629,3257
YNR021W,P53723,3258
YNR022C,P53724,3259
YNR023W,P53628,3260
YNR024W,P53725,3261
YNR027W,P53727,3262
YNR029C,P53729,3263
YNR031C,P53599,3264
YNR032W,P32838,3265
YNR034W,P50278,3266
YNR034W-A,Q3E841,3267
YNR035C,P53731,3268
YNR036C,P53732,3269
YNR037C,P53733,3270
YNR038W,P53734,3271
YNR039C,P53735,3272
YNR040W,P53736,3273
YNR043W,P32377,3274
YNR044W,P32323,3275
YNR046W,P53738,3276
YNR047W,P53739,3277
YNR048W,P53740,3278
YNR049C,P53604,3279
YNR050C,P38999,3280
YNR051C,P53741,3281
YNR052C,P39008,3282
YNR053C,P53742,3283
YNR054C,P53743,3284
YNR055C,P53389,3285
YNR056C,P53744,3286
YNR060W,P53746,3287
YNR067C,P53753,3288
YOL001W,P20052,3289
YOL004W,P22579,3290
YOL005C,P38902,3291
YOL006C,P04786,3292
YOL007C,Q08054,3293
YOL008W,Q08058,3294
YOL010W,Q08096,3295
YOL012C,Q12692,3296
YOL013C,Q08109,3297
YOL016C,P22517,3298
YOL017W,Q08119,3299
YOL018C,Q08144,3300
YOL020W,P38967,3301
YOL021C,Q08162,3302
YOL023W,P25038,3303
YOL027C,Q08179,3304
YOL028C,Q08182,3305
YOL030W,Q08193,3306
YOL031C,Q08199,3307
YOL032W,Q08202,3308
YOL033W,P48525,3309
YOL034W,Q08204,3310
YOL036W,Q08206,3311
YOL038W,P40303,3312
YOL039W,P05319,3313
YOL040C,Q01855,3314
YOL041C,Q08208,3315
YOL047C,Q08218,3316
YOL049W,Q08220,3317
YOL051W,P19659,3318
YOL052C,P21182,3319
YOL052C-A,P89113,3320
YOL054W,Q12161,3321
YOL055C,Q08224,3322
YOL057W,Q08225,3323
YOL059W,P41911,3324
YOL060C,Q12296,3325
YOL061W,Q12265,3326
YOL062C,Q99186,3327
YOL063C,Q08226,3328
YOL064C,P32179,3329
YOL066C,Q12362,3330
YOL067C,P32607,3331
YOL068C,P53685,3332
YOL069W,P33895,3333
YOL070C,Q08229,3334
YOL071W,Q08230,3335
YOL072W,Q08231,3336
YOL076W,Q12387,3337
YOL077C,Q08235,3338
YOL077W-A,P81451,3339
YOL078W,Q08236,3340
YOL080C,Q08237,3341
YOL081W,P19158,3342
YOL082W,P35193,3343
YOL087C,Q99247,3344
YOL088C,Q99316,3345
YOL089C,Q12180,3346
YOL090W,P25847,3347
YOL091W,Q12411,3348
YOL092W,Q12010,3349
YOL093W,Q12400,3350
YOL094C,P40339,3351
YOL096C,P27680,3352
YOL097C,Q12109,3353
YOL100W,Q12236,3354
YOL101C,Q99393,3355
YOL103W-B,Q12273,3356
YOL109W,Q08245,3357
YOL111C,Q12285,3358
YOL113W,Q12469,3359
YOL115W,P53632,3360
YOL117W,Q12348,3361
YOL120C,P0CX49,3362
YOL121C,P07280,3363
YOL122C,P38925,3364
YOL123W,Q99383,3365
YOL124C,Q12463,3366
YOL125W,Q12383,3367
YOL126C,P22133,3368
YOL127W,P04456,3369
YOL129W,Q12016,3370
YOL130W,Q08269,3371
YOL135C,Q08278,3372
YOL136C,Q12471,3373
YOL137W,Q08280,3374
YOL138C,Q08281,3375
YOL139C,P07260,3376
YOL140W,P18544,3377
YOL141W,Q08282,3378
YOL142W,Q08285,3379
YOL144W,Q08287,3380
YOL145C,P89105,3381
YOL146W,Q12146,3382
YOL148C,P50875,3383
YOL149W,Q12517,3384
YOL151W,Q12068,3385
YOL155C,Q05164,3386
YOL158C,Q08299,3387
YOR001W,Q12149,3388
YOR004W,Q12339,3389
YOR006C,Q12094,3390
YOR007C,Q12118,3391
YOR011W,Q08409,3392
YOR014W,P38903,3393
YOR016C,Q12450,3394
YOR017W,P32606,3395
YOR018W,Q02805,3396
YOR020C,P38910,3397
YOR022C,Q12204,3398
YOR023C,Q12433,3399
YOR026W,P26449,3400
YOR027W,P15705,3401
YOR032C,Q12398,3402
YOR034C,Q12013,3403
YOR035C,P51534,3404
YOR038C,P32480,3405
YOR039W,P38930,3406
YOR040W,Q12320,3407
YOR043W,P12611,3408
YOR045W,P33448,3409
YOR046C,P20449,3410
YOR048C,Q02792,3411
YOR051C,Q08421,3412
YOR054C,Q08438,3413
YOR056C,Q08444,3414
YOR057W,Q08446,3415
YOR060C,Q08457,3416
YOR061W,P19454,3417
YOR062C,P36025,3418
YOR063W,P14126,3419
YOR064C,Q08465,3420
YOR065W,P07143,3421
YOR069W,Q92331,3422
YOR070C,Q08484,3423
YOR074C,P06785,3424
YOR075W,P41834,3425
YOR076C,Q08491,3426
YOR077W,P40962,3427
YOR078W,Q08492,3428
YOR081C,Q12043,3429
YOR083W,Q12416,3430
YOR085W,P48439,3431
YOR086C,Q12466,3432
YOR087W,Q12324,3433
YOR089C,P36017,3434
YOR090C,Q12511,3435
YOR091W,Q12000,3436
YOR093C,Q12275,3437
YOR094W,P40994,3438
YOR095C,Q12189,3439
YOR096W,P26786,3440
YOR098C,P20676,3441
YOR099W,P27810,3442
YOR101W,P01119,3443
YOR103C,P46964,3444
YOR104W,Q12057,3445
YOR106W,Q12241,3446
YOR107W,Q99188,3447
YOR108W,Q12166,3448
YOR109W,Q12271,3449
YOR110W,Q12415,3450
YOR112W,Q12453,3451
YOR113W,P41696,3452
YOR115C,Q99394,3453
YOR116C,P04051,3454
YOR117W,P33297,3455
YOR118W,Q12108,3456
YOR119C,Q12196,3457
YOR120W,P14065,3458
YOR122C,P07274,3459
YOR123C,P38439,3460
YOR124C,Q01476,3461
YOR125C,P41735,3462
YOR128C,P21264,3463
YOR130C,Q12375,3464
YOR131C,Q12486,3465
YOR132W,P32913,3466
YOR133W,P32324,3467
YOR136W,P28241,3468
YOR137C,Q12212,3469
YOR138C,Q12242,3470
YOR140W,P20134,3471
YOR141C,Q12386,3472
YOR142W,P53598,3473
YOR143C,P35202,3474
YOR144C,Q12050,3475
YOR145C,Q99216,3476
YOR147W,Q12171,3477
YOR148C,Q02521,3478
YOR150W,Q12487,3479
YOR151C,P08518,3480
YOR153W,P33302,3481
YOR154W,Q12232,3482
YOR156C,Q12216,3483
YOR157C,P25043,3484
YOR158W,P17558,3485
YOR159C,Q12330,3486
YOR161C,Q12412,3487
YOR164C,Q12125,3488
YOR165W,Q99287,3489
YOR167C,Q3E7X9,3490
YOR168W,P13188,3491
YOR171C,Q12246,3492
YOR173W,Q12123,3493
YOR174W,Q12343,3494
YOR175C,Q08548,3495
YOR176W,P16622,3496
YOR178C,P28006,3497
YOR179C,Q08553,3498
YOR180C,Q08558,3499
YOR181W,Q12446,3500
YOR182C,P0CX34,3501
YOR184W,P33330,3502
YOR185C,P32836,3503
YOR187W,P02992,3504
YOR188W,P21339,3505
YOR189W,Q08561,3506
YOR193W,Q08580,3507
YOR194C,P32773,3508
YOR196C,P32875,3509
YOR197W,Q08601,3510
YOR198C,P38934,3511
YOR199W,Q08604,3512
YOR201C,P25270,3513
YOR204W,P06634,3514
YOR205C,Q08622,3515
YOR206W,P39744,3516
YOR207C,P22276,3517
YOR208W,P29461,3518
YOR210W,P22139,3519
YOR212W,P18851,3520
YOR213C,Q99314,3521
YOR217W,P38630,3522
YOR219C,P33894,3523
YOR220W,Q12044,3524
YOR221C,Q12283,3525
YOR222W,Q99297,3526
YOR224C,P20436,3527
YOR226C,Q12056,3528
YOR227W,Q12276,3529
YOR229W,Q12206,3530
YOR230W,Q12363,3531
YOR231W,P32490,3532
YOR232W,P38523,3533
YOR233W,Q01919,3534
YOR234C,P41056,3535
YOR236W,P07807,3536
YOR239W,Q08641,3537
YOR241W,Q08645,3538
YOR243C,Q08647,3539
YOR244W,Q08649,3540
YOR246C,Q08651,3541
YOR249C,Q08683,3542
YOR250C,Q08685,3543
YOR252W,Q08687,3544
YOR253W,Q08689,3545
YOR254C,P14906,3546
YOR257W,P06704,3547
YOR259C,P53549,3548
YOR260W,P09032,3549
YOR261C,Q08723,3550
YOR262W,Q08726,3551
YOR264W,Q08729,3552
YOR265W,P48606,3553
YOR267C,Q08732,3554
YOR269W,P39946,3555
YOR270C,P32563,3556
YOR271C,Q12029,3557
YOR272W,Q12024,3558
YOR273C,Q12256,3559
YOR274W,P07884,3560
YOR276W,P12962,3561
YOR279C,Q12192,3562
YOR281C,Q12017,3563
YOR283W,Q12040,3564
YOR284W,Q12134,3565
YOR285W,Q12305,3566
YOR287C,Q12481,3567
YOR288C,Q12404,3568
YOR290C,P22082,3569
YOR291W,Q12697,3570
YOR292C,Q08743,3571
YOR293W,Q08745,3572
YOR294W,Q08746,3573
YOR295W,Q08747,3574
YOR297C,Q08749,3575
YOR298C-A,O14467,3576
YOR299W,Q08754,3577
YOR303W,P07258,3578
YOR304C-A,O14468,3579
YOR304W,Q08773,3580
YOR305W,Q08774,3581
YOR308C,Q12420,3582
YOR310C,Q12499,3583
YOR312C,P0CX24,3584
YOR316C,P32798,3585
YOR317W,P30624,3586
YOR319W,Q99181,3587
YOR320C,Q12096,3588
YOR322C,Q12502,3589
YOR323C,P54885,3590
YOR324C,Q99332,3591
YOR326W,P19524,3592
YOR327C,P33328,3593
YOR329C,P34758,3594
YOR330C,P15801,3595
YOR332W,P22203,3596
YOR334W,Q01926,3597
YOR336W,P22023,3598
YOR337W,P47988,3599
YOR340C,P46669,3600
YOR341W,P10964,3601
YOR342C,Q12182,3602
YOR343W-A,Q12293,3603
YOR346W,P12689,3604
YOR347C,P52489,3605
YOR349W,P40987,3606
YOR350C,P24720,3607
YOR352W,Q08816,3608
YOR353C,Q08817,3609
YOR354C,Q08818,3610
YOR355W,P41913,3611
YOR356W,Q08822,3612
YOR358W,Q02516,3613
YOR359W,Q08831,3614
YOR360C,P06776,3615
YOR361C,P06103,3616
YOR362C,P21242,3617
YOR369C,P48589,3618
YOR370C,P32864,3619
YOR371C,Q08886,3620
YOR372C,Q08887,3621
YOR373W,P32336,3622
YOR374W,P46367,3623
YOR375C,P07262,3624
YOR385W,Q08909,3625
YOR386W,P05066,3626
YOR390W,Q08913,3627
YOR393W,P0CX10,3628
YOR396W,P0CX22,3629
YPL001W,Q12341,3630
YPL002C,Q12483,3631
YPL004C,Q12230,3632
YPL005W,Q12089,3633
YPL006W,Q12200,3634
YPL007C,Q12308,3635
YPL009C,Q12532,3636
YPL010W,P53600,3637
YPL011C,Q12297,3638
YPL012W,Q12754,3639
YPL013C,Q02608,3640
YPL016W,P09547,3641
YPL018W,Q02732,3642
YPL019C,Q02725,3643
YPL020C,Q02724,3644
YPL022W,P06777,3645
YPL023C,P46151,3646
YPL024W,Q02685,3647
YPL026C,Q12505,3648
YPL028W,P41338,3649
YPL029W,P32580,3650
YPL030W,Q02648,3651
YPL031C,P17157,3652
YPL032C,Q03088,3653
YPL036W,P19657,3654
YPL037C,Q02642,3655
YPL042C,P39073,3656
YPL043W,P37838,3657
YPL045W,Q03308,3658
YPL046C,Q03071,3659
YPL047W,Q03067,3660
YPL048W,P29547,3661
YPL049C,Q03063,3662
YPL050C,P39107,3663
YPL055C,Q02796,3664
YPL057C,P33300,3665
YPL059W,Q02784,3666
YPL060W,Q02783,3667
YPL061W,P54115,3668
YPL063W,Q02776,3669
YPL064C,Q02770,3670
YPL065W,Q02767,3671
YPL066W,Q12194,3672
YPL067C,Q02754,3673
YPL068C,Q02749,3674
YPL069C,Q12051,3675
YPL070W,Q02866,3676
YPL072W,Q02863,3677
YPL074W,P40328,3678
YPL075W,P07261,3679
YPL076W,P46961,3680
YPL078C,P05626,3681
YPL079W,Q12672,3682
YPL081W,O13516,3683
YPL082C,P32333,3684
YPL083C,Q02825,3685
YPL084W,P48582,3686
YPL085W,P48415,3687
YPL086C,Q02908,3688
YPL087W,Q02896,3689
YPL089C,Q12224,3690
YPL090C,P0CX37,3691
YPL091W,P41921,3692
YPL093W,Q02892,3693
YPL094C,P21825,3694
YPL096W,Q02890,3695
YPL097W,P48527,3696
YPL101W,Q02884,3697
YPL104W,P15179,3698
YPL105C,Q02875,3699
YPL106C,P32589,3700
YPL107W,Q02873,3701
YPL108W,Q02872,3702
YPL109C,Q02981,3703
YPL110C,Q02979,3704
YPL111W,P00812,3705
YPL112C,Q02969,3706
YPL115C,P32873,3707
YPL116W,Q02959,3708
YPL117C,P15496,3709
YPL118W,Q02950,3710
YPL120W,Q02948,3711
YPL122C,Q02939,3712
YPL123C,Q02933,3713
YPL124W,P33419,3714
YPL125W,Q02932,3715
YPL126W,Q02931,3716
YPL127C,P53551,3717
YPL128C,Q02457,3718
YPL129W,P35189,3719
YPL131W,P26321,3720
YPL132W,P19516,3721
YPL133C,P19541,3722
YPL135W,Q03020,3723
YPL137C,Q03016,3724
YPL138C,Q03012,3725
YPL139C,Q03010,3726
YPL141C,Q03002,3727
YPL143W,P05744,3728
YPL144W,Q12245,3729
YPL146C,Q12080,3730
YPL148C,Q12036,3731
YPL149W,Q12380,3732
YPL150W,Q12152,3733
YPL151C,Q12417,3734
YPL153C,P22216,3735
YPL154C,P07267,3736
YPL155C,P28743,3737
YPL157W,Q12052,3738
YPL158C,Q99299,3739
YPL159C,Q99373,3740
YPL160W,P26637,3741
YPL161C,P39011,3742
YPL163C,Q12254,3743
YPL168W,Q12467,3744
YPL169C,Q99257,3745
YPL171C,P41816,3746
YPL173W,P36534,3747
YPL174C,P33420,3748
YPL175W,P32363,3749
YPL178W,Q08920,3750
YPL179W,P32945,3751
YPL180W,Q08921,3752
YPL181W,Q08923,3753
YPL183C,Q08924,3754
YPL183W-A,O14464,3755
YPL188W,Q06892,3756
YPL190C,P38996,3757
YPL191C,Q08930,3758
YPL193W,Q08932,3759
YPL195W,Q08951,3760
YPL198W,Q12213,3761
YPL203W,P06245,3762
YPL204W,P29295,3763
YPL206C,Q08959,3764
YPL207W,Q08960,3765
YPL208W,Q08961,3766
YPL210C,P38688,3767
YPL211W,Q08962,3768
YPL213W,Q08963,3769
YPL214C,P41835,3770
YPL215W,P21560,3771
YPL217C,Q08965,3772
YPL218W,P20606,3773
YPL219W,Q08966,3774
YPL220W,P0CX43,3775
YPL221W,Q08967,3776
YPL222W,Q08968,3777
YPL225W,Q08971,3778
YPL226W,Q08972,3779
YPL227C,P40350,3780
YPL228W,O13297,3781
YPL231W,P19097,3782
YPL232W,P32867,3783
YPL233W,Q12143,3784
YPL234C,P32842,3785
YPL235W,Q12464,3786
YPL237W,P09064,3787
YPL239W,P46683,3788
YPL240C,P02829,3789
YPL242C,Q12280,3790
YPL243W,P38687,3791
YPL245W,Q12179,3792
YPL246C,Q12270,3793
YPL247C,Q12523,3794
YPL249C,Q12344,3795
YPL249C-A,O14455,3796
YPL254W,Q12060,3797
YPL255W,Q12365,3798
YPL259C,Q00776,3799
YPL260W,Q08977,3800
YPL262W,P08417,3801
YPL263C,Q08979,3802
YPL265W,P53388,3803
YPL266W,P41819,3804
YPL269W,P32526,3805
YPL270W,P33311,3806
YPL271W,P21306,3807
YPL273W,Q08985,3808
YPL279C,Q08991,3809
YPL281C,P0CX11,3810
YPL283C,P0CX15,3811
YPR002W,Q12428,3812
YPR003C,P53394,3813
YPR004C,Q12480,3814
YPR006C,Q12031,3815
YPR008W,Q12753,3816
YPR010C,P22138,3817
YPR013C,Q12145,3818
YPR016C,Q12522,3819
YPR017C,P32601,3820
YPR018W,Q12495,3821
YPR019W,P30665,3822
YPR020W,Q12233,3823
YPR022C,Q12139,3824
YPR023C,Q12432,3825
YPR024W,P32795,3826
YPR025C,P37366,3827
YPR028W,Q12402,3828
YPR029C,Q12028,3829
YPR031W,Q12311,3830
YPR033C,P07263,3831
YPR034W,Q12406,3832
YPR035W,P32288,3833
YPR036W,P41807,3834
YPR037C,Q12284,3835
YPR040W,Q12199,3836
YPR041W,P38431,3837
YPR042C,Q12221,3838
YPR043W,P0CX25,3839
YPR045C,Q12049,3840
YPR046W,Q12262,3841
YPR047W,P08425,3842
YPR048W,Q12181,3843
YPR049C,Q12527,3844
YPR051W,Q03503,3845
YPR055W,P32855,3846
YPR056W,Q12004,3847
YPR057W,Q99177,3848
YPR063C,Q12160,3849
YPR067W,Q12425,3850
YPR069C,Q12074,3851
YPR070W,Q12321,3852
YPR072W,Q12514,3853
YPR074C,P23254,3854
YPR075C,Q06810,3855
YPR080W,P02994,3856
YPR081C,Q06817,3857
YPR082C,Q06819,3858
YPR085C,Q06822,3859
YPR086W,P29055,3860
YPR088C,P20424,3861
YPR089W,O13585,3862
YPR091C,Q06833,3863
YPR094W,Q06835,3864
YPR095C,Q06836,3865
YPR097W,Q06839,3866
YPR100W,Q06090,3867
YPR101W,Q06091,3868
YPR102C,P0C0W9,3869
YPR103W,P30656,3870
YPR105C,Q06096,3871
YPR107C,Q06102,3872
YPR108W,Q06103,3873
YPR109W,Q06104,3874
YPR110C,P07703,3875
YPR111W,P32328,3876
YPR112C,Q06106,3877
YPR113W,P06197,3878
YPR114W,Q06107,3879
YPR115W,Q06108,3880
YPR116W,Q06109,3881
YPR117W,Q06116,3882
YPR118W,Q06489,3883
YPR119W,P24869,3884
YPR120C,P30283,3885
YPR122W,P40851,3886
YPR124W,P49573,3887
YPR129W,P45978,3888
YPR131C,Q06504,3889
YPR132W,P0CX30,3890
YPR133C,Q06505,3891
YPR134W,P08593,3892
YPR135W,Q01454,3893
YPR137W,Q06506,3894
YPR138C,P53390,3895
YPR139C,Q06508,3896
YPR140W,Q06510,3897
YPR141C,P17119,3898
YPR143W,Q06511,3899
YPR144C,Q06512,3900
YPR145W,P49089,3901
YPR148C,Q06523,3902
YPR149W,Q12207,3903
YPR152C,Q06525,3904
YPR154W,Q06449,3905
YPR155C,Q12374,3906
YPR158C-D,P0C2J1,3907
YPR158W-B,P0C2J0,3908
YPR159W,P32486,3909
YPR160W,P06738,3910
YPR161C,P23293,3911
YPR162C,P54791,3912
YPR163C,P34167,3913
YPR164W,Q06211,3914
YPR165W,P06780,3915
YPR166C,P10663,3916
YPR168W,Q06213,3917
YPR169W,Q06214,3918
YPR171W,Q06604,3919
YPR172W,Q06608,3920
YPR173C,P52917,3921
YPR174C,Q06616,3922
YPR175W,P24482,3923
YPR178W,P20053,3924
YPR179C,Q06623,3925
YPR180W,Q06624,3926
YPR181C,P15303,3927
YPR182W,P54999,3928
YPR183W,P14020,3929
YPR184W,Q06625,3930
YPR185W,Q06628,3931
YPR186C,P39933,3932
YPR187W,P20435,3933
YPR188C,Q06580,3934
YPR189W,P17883,3935
YPR190C,P32349,3936
YPR191W,P07257,3937
YPR204W,Q08995,3938
